ano,sexo,idade,pop
2000,M,0,1739603.0
2001,M,0,1704785.0
2002,M,0,1671125.0
2003,M,0,1642237.0
2004,M,0,1619035.0
2005,M,0,1599962.0
2006,M,0,1582374.0
2007,M,0,1540650.0
2008,M,0,1526476.0
2009,M,0,1518415.0
2010,M,0,1492736.0
2011,M,0,1495317.0
2012,M,0,1502269.0
2013,M,0,1495732.0
2014,M,0,1511087.0
2015,M,0,1541887.0
2016,M,0,1508957.0
2017,M,0,1475547.0
2018,M,0,1494702.0
2019,M,0,1476538.0
2020,M,0,1421632.0
2021,M,0,1375717.0
2022,M,0,1329250.0
2023,M,0,1293317.0
2024,M,0,1271325.0
2025,M,0,1244521.0
2026,M,0,1221443.0
2027,M,0,1200793.0
2028,M,0,1182121.0
2029,M,0,1165520.0
2030,M,0,1150891.0
2031,M,0,1137492.0
2032,M,0,1124948.0
2033,M,0,1113266.0
2034,M,0,1102598.0
2035,M,0,1092675.0
2036,M,0,1082972.0
2037,M,0,1073155.0
2038,M,0,1063659.0
2039,M,0,1054662.0
2040,M,0,1045725.0
2041,M,0,1036512.0
2042,M,0,1027101.0
2043,M,0,1017836.0
2044,M,0,1008723.0
2045,M,0,999488.0
2046,M,0,989902.0
2047,M,0,980112.0
2048,M,0,970241.0
2049,M,0,960079.0
2050,M,0,949544.0
2051,M,0,938763.0
2052,M,0,927916.0
2053,M,0,916810.0
2054,M,0,905171.0
2055,M,0,893203.0
2056,M,0,881467.0
2057,M,0,870350.0
2058,M,0,859334.0
2059,M,0,848104.0
2060,M,0,837201.0
2061,M,0,827098.0
2062,M,0,817904.0
2063,M,0,809287.0
2064,M,0,800942.0
2065,M,0,793069.0
2066,M,0,785796.0
2067,M,0,779042.0
2068,M,0,772690.0
2069,M,0,766600.0
2070,M,0,760712.0
2000,M,1,1748797.0
2001,M,1,1729954.0
2002,M,1,1696221.0
2003,M,1,1663430.0
2004,M,1,1635485.0
2005,M,1,1613114.0
2006,M,1,1594761.0
2007,M,1,1577834.0
2008,M,1,1536601.0
2009,M,1,1522764.0
2010,M,1,1512746.0
2011,M,1,1484846.0
2012,M,1,1489234.0
2013,M,1,1497562.0
2014,M,1,1491381.0
2015,M,1,1506490.0
2016,M,1,1536765.0
2017,M,1,1503255.0
2018,M,1,1469128.0
2019,M,1,1489533.0
2020,M,1,1473448.0
2021,M,1,1418619.0
2022,M,1,1371222.0
2023,M,1,1323934.0
2024,M,1,1289508.0
2025,M,1,1267961.0
2026,M,1,1241599.0
2027,M,1,1218933.0
2028,M,1,1198677.0
2029,M,1,1180384.0
2030,M,1,1164144.0
2031,M,1,1149731.0
2032,M,1,1136359.0
2033,M,1,1123838.0
2034,M,1,1112174.0
2035,M,1,1101529.0
2036,M,1,1091618.0
2037,M,1,1081933.0
2038,M,1,1072129.0
2039,M,1,1062649.0
2040,M,1,1053664.0
2041,M,1,1044750.0
2042,M,1,1035572.0
2043,M,1,1026186.0
2044,M,1,1016950.0
2045,M,1,1007866.0
2046,M,1,998659.0
2047,M,1,989100.0
2048,M,1,979336.0
2049,M,1,969490.0
2050,M,1,959352.0
2051,M,1,948842.0
2052,M,1,938084.0
2053,M,1,927262.0
2054,M,1,916175.0
2055,M,1,904557.0
2056,M,1,892613.0
2057,M,1,880894.0
2058,M,1,869799.0
2059,M,1,858799.0
2060,M,1,847588.0
2061,M,1,836703.0
2062,M,1,826617.0
2063,M,1,817440.0
2064,M,1,808837.0
2065,M,1,800503.0
2066,M,1,792647.0
2067,M,1,785385.0
2068,M,1,778642.0
2069,M,1,772305.0
2070,M,1,766223.0
2000,M,2,1750514.0
2001,M,2,1745757.0
2002,M,2,1727212.0
2003,M,2,1693702.0
2004,M,2,1661113.0
2005,M,2,1633369.0
2006,M,2,1611187.0
2007,M,2,1592999.0
2008,M,2,1576183.0
2009,M,2,1535067.0
2010,M,2,1519584.0
2011,M,2,1507829.0
2012,M,2,1481286.0
2013,M,2,1486712.0
2014,M,2,1495289.0
2015,M,2,1488856.0
2016,M,2,1503474.0
2017,M,2,1533275.0
2018,M,2,1499251.0
2019,M,2,1466081.0
2020,M,2,1487847.0
2021,M,2,1472016.0
2022,M,2,1416014.0
2023,M,2,1367895.0
2024,M,2,1321820.0
2025,M,2,1287690.0
2026,M,2,1266418.0
2027,M,2,1240322.0
2028,M,2,1217910.0
2029,M,2,1197897.0
2030,M,2,1179836.0
2031,M,2,1163727.0
2032,M,2,1149316.0
2033,M,2,1135942.0
2034,M,2,1123415.0
2035,M,2,1111749.0
2036,M,2,1101099.0
2037,M,2,1091183.0
2038,M,2,1081493.0
2039,M,2,1071687.0
2040,M,2,1062202.0
2041,M,2,1053219.0
2042,M,2,1044319.0
2043,M,2,1035152.0
2044,M,2,1025778.0
2045,M,2,1016554.0
2046,M,2,1007479.0
2047,M,2,998285.0
2048,M,2,988734.0
2049,M,2,978983.0
2050,M,2,969148.0
2051,M,2,959019.0
2052,M,2,948518.0
2053,M,2,937774.0
2054,M,2,926958.0
2055,M,2,915880.0
2056,M,2,904276.0
2057,M,2,892339.0
2058,M,2,880631.0
2059,M,2,869541.0
2060,M,2,858549.0
2061,M,2,847347.0
2062,M,2,836472.0
2063,M,2,826393.0
2064,M,2,817222.0
2065,M,2,808626.0
2066,M,2,800301.0
2067,M,2,792449.0
2068,M,2,785194.0
2069,M,2,778452.0
2070,M,2,772122.0
2000,M,3,1750192.0
2001,M,3,1748871.0
2002,M,3,1744208.0
2003,M,3,1725768.0
2004,M,3,1692362.0
2005,M,3,1659882.0
2006,M,3,1632222.0
2007,M,3,1610127.0
2008,M,3,1591999.0
2009,M,3,1575236.0
2010,M,3,1532919.0
2011,M,3,1516123.0
2012,M,3,1505400.0
2013,M,3,1479640.0
2014,M,3,1485275.0
2015,M,3,1493679.0
2016,M,3,1486872.0
2017,M,3,1501152.0
2018,M,3,1530559.0
2019,M,3,1497293.0
2020,M,3,1465154.0
2021,M,3,1486988.0
2022,M,3,1470320.0
2023,M,3,1413776.0
2024,M,3,1366249.0
2025,M,3,1320400.0
2026,M,3,1286471.0
2027,M,3,1265380.0
2028,M,3,1239463.0
2029,M,3,1217220.0
2030,M,3,1197370.0
2031,M,3,1179403.0
2032,M,3,1163293.0
2033,M,3,1148880.0
2034,M,3,1135504.0
2035,M,3,1122979.0
2036,M,3,1111309.0
2037,M,3,1100656.0
2038,M,3,1090738.0
2039,M,3,1081042.0
2040,M,3,1071231.0
2041,M,3,1061754.0
2042,M,3,1052781.0
2043,M,3,1043897.0
2044,M,3,1034740.0
2045,M,3,1025379.0
2046,M,3,1016167.0
2047,M,3,1007102.0
2048,M,3,997916.0
2049,M,3,988377.0
2050,M,3,978637.0
2051,M,3,968812.0
2052,M,3,958693.0
2053,M,3,948204.0
2054,M,3,937469.0
2055,M,3,926659.0
2056,M,3,915594.0
2057,M,3,903999.0
2058,M,3,892070.0
2059,M,3,880369.0
2060,M,3,869288.0
2061,M,3,858309.0
2062,M,3,847112.0
2063,M,3,836244.0
2064,M,3,826175.0
2065,M,3,817009.0
2066,M,3,808419.0
2067,M,3,800103.0
2068,M,3,792254.0
2069,M,3,785003.0
2070,M,3,778270.0
2000,M,4,1750127.0
2001,M,4,1748960.0
2002,M,4,1747715.0
2003,M,4,1743102.0
2004,M,4,1724762.0
2005,M,4,1691419.0
2006,M,4,1659031.0
2007,M,4,1631414.0
2008,M,4,1609366.0
2009,M,4,1591266.0
2010,M,4,1573634.0
2011,M,4,1530383.0
2012,M,4,1514365.0
2013,M,4,1504238.0
2014,M,4,1478627.0
2015,M,4,1484153.0
2016,M,4,1492290.0
2017,M,4,1485254.0
2018,M,4,1499280.0
2019,M,4,1529255.0
2020,M,4,1496753.0
2021,M,4,1464682.0
2022,M,4,1485851.0
2023,M,4,1468730.0
2024,M,4,1412478.0
2025,M,4,1365107.0
2026,M,4,1319408.0
2027,M,4,1285608.0
2028,M,4,1264634.0
2029,M,4,1238835.0
2030,M,4,1216699.0
2031,M,4,1196919.0
2032,M,4,1178952.0
2033,M,4,1162841.0
2034,M,4,1148434.0
2035,M,4,1135053.0
2036,M,4,1122527.0
2037,M,4,1110857.0
2038,M,4,1100205.0
2039,M,4,1090280.0
2040,M,4,1080582.0
2041,M,4,1070777.0
2042,M,4,1061312.0
2043,M,4,1052354.0
2044,M,4,1043481.0
2045,M,4,1034336.0
2046,M,4,1024985.0
2047,M,4,1015787.0
2048,M,4,1006732.0
2049,M,4,997557.0
2050,M,4,988027.0
2051,M,4,978299.0
2052,M,4,968482.0
2053,M,4,958373.0
2054,M,4,947891.0
2055,M,4,937167.0
2056,M,4,926370.0
2057,M,4,915312.0
2058,M,4,903729.0
2059,M,4,891807.0
2060,M,4,880111.0
2061,M,4,869042.0
2062,M,4,858073.0
2063,M,4,846883.0
2064,M,4,836024.0
2065,M,4,825959.0
2066,M,4,816800.0
2067,M,4,808215.0
2068,M,4,799906.0
2069,M,4,792061.0
2070,M,4,784815.0
2000,M,5,1748617.0
2001,M,5,1749135.0
2002,M,5,1748001.0
2003,M,5,1746805.0
2004,M,5,1742248.0
2005,M,5,1723976.0
2006,M,5,1690672.0
2007,M,5,1658335.0
2008,M,5,1630753.0
2009,M,5,1608741.0
2010,M,5,1590031.0
2011,M,5,1571727.0
2012,M,5,1529085.0
2013,M,5,1513533.0
2014,M,5,1503539.0
2015,M,5,1477826.0
2016,M,5,1483165.0
2017,M,5,1491126.0
2018,M,5,1483940.0
2019,M,5,1498447.0
2020,M,5,1528951.0
2021,M,5,1496475.0
2022,M,5,1463967.0
2023,M,5,1484763.0
2024,M,5,1467908.0
2025,M,5,1411759.0
2026,M,5,1364478.0
2027,M,5,1318866.0
2028,M,5,1285135.0
2029,M,5,1264230.0
2030,M,5,1238500.0
2031,M,5,1216400.0
2032,M,5,1196618.0
2033,M,5,1178650.0
2034,M,5,1162531.0
2035,M,5,1148121.0
2036,M,5,1134740.0
2037,M,5,1122207.0
2038,M,5,1110530.0
2039,M,5,1099874.0
2040,M,5,1089942.0
2041,M,5,1080245.0
2042,M,5,1070451.0
2043,M,5,1060995.0
2044,M,5,1052047.0
2045,M,5,1043180.0
2046,M,5,1034045.0
2047,M,5,1024701.0
2048,M,5,1015513.0
2049,M,5,1006463.0
2050,M,5,997297.0
2051,M,5,987774.0
2052,M,5,978055.0
2053,M,5,968245.0
2054,M,5,958138.0
2055,M,5,947668.0
2056,M,5,936946.0
2057,M,5,926158.0
2058,M,5,915108.0
2059,M,5,903530.0
2060,M,5,891613.0
2061,M,5,879922.0
2062,M,5,868860.0
2063,M,5,857897.0
2064,M,5,846714.0
2065,M,5,835861.0
2066,M,5,825802.0
2067,M,5,816643.0
2068,M,5,808066.0
2069,M,5,799762.0
2070,M,5,791922.0
2000,M,6,1746569.0
2001,M,6,1747805.0
2002,M,6,1748351.0
2003,M,6,1747235.0
2004,M,6,1746080.0
2005,M,6,1741547.0
2006,M,6,1723298.0
2007,M,6,1690009.0
2008,M,6,1657717.0
2009,M,6,1630169.0
2010,M,6,1607740.0
2011,M,6,1588590.0
2012,M,6,1570755.0
2013,M,6,1528478.0
2014,M,6,1513032.0
2015,M,6,1502991.0
2016,M,6,1477123.0
2017,M,6,1482361.0
2018,M,6,1490206.0
2019,M,6,1483422.0
2020,M,6,1498338.0
2021,M,6,1528824.0
2022,M,6,1496015.0
2023,M,6,1463298.0
2024,M,6,1484378.0
2025,M,6,1467569.0
2026,M,6,1411469.0
2027,M,6,1364227.0
2028,M,6,1318659.0
2029,M,6,1284959.0
2030,M,6,1264082.0
2031,M,6,1238372.0
2032,M,6,1216263.0
2033,M,6,1196470.0
2034,M,6,1178495.0
2035,M,6,1162365.0
2036,M,6,1147949.0
2037,M,6,1134557.0
2038,M,6,1122016.0
2039,M,6,1110332.0
2040,M,6,1099661.0
2041,M,6,1089730.0
2042,M,6,1080037.0
2043,M,6,1070248.0
2044,M,6,1060800.0
2045,M,6,1051856.0
2046,M,6,1042995.0
2047,M,6,1033864.0
2048,M,6,1024524.0
2049,M,6,1015343.0
2050,M,6,1006294.0
2051,M,6,997135.0
2052,M,6,987614.0
2053,M,6,977899.0
2054,M,6,968095.0
2055,M,6,957989.0
2056,M,6,947526.0
2057,M,6,936806.0
2058,M,6,926023.0
2059,M,6,914977.0
2060,M,6,903403.0
2061,M,6,891489.0
2062,M,6,879800.0
2063,M,6,868742.0
2064,M,6,857782.0
2065,M,6,846604.0
2066,M,6,835754.0
2067,M,6,825699.0
2068,M,6,816542.0
2069,M,6,807968.0
2070,M,6,799665.0
2000,M,7,1744453.0
2001,M,7,1745804.0
2002,M,7,1747051.0
2003,M,7,1747623.0
2004,M,7,1746534.0
2005,M,7,1745417.0
2006,M,7,1740903.0
2007,M,7,1722681.0
2008,M,7,1689412.0
2009,M,7,1657162.0
2010,M,7,1629347.0
2011,M,7,1606638.0
2012,M,7,1587854.0
2013,M,7,1570310.0
2014,M,7,1528127.0
2015,M,7,1512654.0
2016,M,7,1502511.0
2017,M,7,1476549.0
2018,M,7,1481731.0
2019,M,7,1489885.0
2020,M,7,1483428.0
2021,M,7,1498326.0
2022,M,7,1528560.0
2023,M,7,1495568.0
2024,M,7,1463064.0
2025,M,7,1484155.0
2026,M,7,1467367.0
2027,M,7,1411284.0
2028,M,7,1364058.0
2029,M,7,1318505.0
2030,M,7,1284816.0
2031,M,7,1263944.0
2032,M,7,1238226.0
2033,M,7,1216109.0
2034,M,7,1196307.0
2035,M,7,1178329.0
2036,M,7,1162188.0
2037,M,7,1147760.0
2038,M,7,1134360.0
2039,M,7,1121813.0
2040,M,7,1110119.0
2041,M,7,1099447.0
2042,M,7,1089520.0
2043,M,7,1079833.0
2044,M,7,1070051.0
2045,M,7,1060607.0
2046,M,7,1051668.0
2047,M,7,1042809.0
2048,M,7,1033684.0
2049,M,7,1024353.0
2050,M,7,1015174.0
2051,M,7,1006129.0
2052,M,7,996971.0
2053,M,7,987459.0
2054,M,7,977747.0
2055,M,7,967945.0
2056,M,7,957848.0
2057,M,7,947387.0
2058,M,7,936669.0
2059,M,7,925891.0
2060,M,7,914848.0
2061,M,7,903278.0
2062,M,7,891366.0
2063,M,7,879683.0
2064,M,7,868627.0
2065,M,7,857670.0
2066,M,7,846496.0
2067,M,7,835648.0
2068,M,7,825596.0
2069,M,7,816442.0
2070,M,7,807869.0
2000,M,8,1738602.0
2001,M,8,1743710.0
2002,M,8,1745086.0
2003,M,8,1746341.0
2004,M,8,1746945.0
2005,M,8,1745892.0
2006,M,8,1744801.0
2007,M,8,1740291.0
2008,M,8,1722089.0
2009,M,8,1688839.0
2010,M,8,1656457.0
2011,M,8,1628485.0
2012,M,8,1606072.0
2013,M,8,1587513.0
2014,M,8,1570047.0
2015,M,8,1527854.0
2016,M,8,1512319.0
2017,M,8,1502123.0
2018,M,8,1476138.0
2019,M,8,1481570.0
2020,M,8,1489959.0
2021,M,8,1483483.0
2022,M,8,1498213.0
2023,M,8,1528297.0
2024,M,8,1495426.0
2025,M,8,1462926.0
2026,M,8,1484009.0
2027,M,8,1467222.0
2028,M,8,1411140.0
2029,M,8,1363913.0
2030,M,8,1318357.0
2031,M,8,1284663.0
2032,M,8,1263787.0
2033,M,8,1238065.0
2034,M,8,1215939.0
2035,M,8,1196130.0
2036,M,8,1178144.0
2037,M,8,1161995.0
2038,M,8,1147559.0
2039,M,8,1134153.0
2040,M,8,1121598.0
2041,M,8,1109899.0
2042,M,8,1099237.0
2043,M,8,1089316.0
2044,M,8,1079631.0
2045,M,8,1069857.0
2046,M,8,1060415.0
2047,M,8,1051482.0
2048,M,8,1042628.0
2049,M,8,1033509.0
2050,M,8,1024182.0
2051,M,8,1015006.0
2052,M,8,1005965.0
2053,M,8,996813.0
2054,M,8,987302.0
2055,M,8,977596.0
2056,M,8,967798.0
2057,M,8,957707.0
2058,M,8,947247.0
2059,M,8,936536.0
2060,M,8,925760.0
2061,M,8,914721.0
2062,M,8,903153.0
2063,M,8,891248.0
2064,M,8,879567.0
2065,M,8,868513.0
2066,M,8,857558.0
2067,M,8,846389.0
2068,M,8,835542.0
2069,M,8,825495.0
2070,M,8,816344.0
2000,M,9,1732099.0
2001,M,9,1737897.0
2002,M,9,1743025.0
2003,M,9,1744416.0
2004,M,9,1745689.0
2005,M,9,1746324.0
2006,M,9,1745301.0
2007,M,9,1744227.0
2008,M,9,1739716.0
2009,M,9,1721529.0
2010,M,9,1688206.0
2011,M,9,1655764.0
2012,M,9,1628023.0
2013,M,9,1605790.0
2014,M,9,1587299.0
2015,M,9,1569831.0
2016,M,9,1527596.0
2017,M,9,1512035.0
2018,M,9,1501846.0
2019,M,9,1476081.0
2020,M,9,1481675.0
2021,M,9,1490057.0
2022,M,9,1483460.0
2023,M,9,1498103.0
2024,M,9,1528224.0
2025,M,9,1495334.0
2026,M,9,1462823.0
2027,M,9,1483887.0
2028,M,9,1467090.0
2029,M,9,1410997.0
2030,M,9,1363753.0
2031,M,9,1318196.0
2032,M,9,1284495.0
2033,M,9,1263613.0
2034,M,9,1237886.0
2035,M,9,1215758.0
2036,M,9,1195937.0
2037,M,9,1177946.0
2038,M,9,1161792.0
2039,M,9,1147349.0
2040,M,9,1133933.0
2041,M,9,1121379.0
2042,M,9,1109684.0
2043,M,9,1099029.0
2044,M,9,1089112.0
2045,M,9,1079435.0
2046,M,9,1069669.0
2047,M,9,1060227.0
2048,M,9,1051298.0
2049,M,9,1042452.0
2050,M,9,1033335.0
2051,M,9,1024015.0
2052,M,9,1014840.0
2053,M,9,1005807.0
2054,M,9,996659.0
2055,M,9,987151.0
2056,M,9,977450.0
2057,M,9,967657.0
2058,M,9,957567.0
2059,M,9,947111.0
2060,M,9,936404.0
2061,M,9,925630.0
2062,M,9,914597.0
2063,M,9,903032.0
2064,M,9,891128.0
2065,M,9,879452.0
2066,M,9,868400.0
2067,M,9,857449.0
2068,M,9,846285.0
2069,M,9,835439.0
2070,M,9,825395.0
2000,M,10,1732456.0
2001,M,10,1731403.0
2002,M,10,1737227.0
2003,M,10,1742371.0
2004,M,10,1743765.0
2005,M,10,1745056.0
2006,M,10,1745719.0
2007,M,10,1744723.0
2008,M,10,1743657.0
2009,M,10,1739157.0
2010,M,10,1720954.0
2011,M,10,1687616.0
2012,M,10,1655368.0
2013,M,10,1627773.0
2014,M,10,1605609.0
2015,M,10,1587122.0
2016,M,10,1569627.0
2017,M,10,1527387.0
2018,M,10,1511858.0
2019,M,10,1501835.0
2020,M,10,1476187.0
2021,M,10,1481781.0
2022,M,10,1490094.0
2023,M,10,1483426.0
2024,M,10,1498033.0
2025,M,10,1528128.0
2026,M,10,1495218.0
2027,M,10,1462684.0
2028,M,10,1483724.0
2029,M,10,1466908.0
2030,M,10,1410799.0
2031,M,10,1363544.0
2032,M,10,1317988.0
2033,M,10,1284287.0
2034,M,10,1263401.0
2035,M,10,1237669.0
2036,M,10,1215539.0
2037,M,10,1195711.0
2038,M,10,1177716.0
2039,M,10,1161557.0
2040,M,10,1147110.0
2041,M,10,1133691.0
2042,M,10,1121147.0
2043,M,10,1109460.0
2044,M,10,1098808.0
2045,M,10,1088900.0
2046,M,10,1079228.0
2047,M,10,1069467.0
2048,M,10,1060030.0
2049,M,10,1051106.0
2050,M,10,1042264.0
2051,M,10,1033151.0
2052,M,10,1023839.0
2053,M,10,1014666.0
2054,M,10,1005642.0
2055,M,10,996498.0
2056,M,10,986992.0
2057,M,10,977297.0
2058,M,10,967506.0
2059,M,10,957423.0
2060,M,10,946972.0
2061,M,10,936272.0
2062,M,10,925498.0
2063,M,10,914471.0
2064,M,10,902907.0
2065,M,10,891008.0
2066,M,10,879337.0
2067,M,10,868285.0
2068,M,10,857340.0
2069,M,10,846178.0
2070,M,10,835339.0
2000,M,11,1742714.0
2001,M,11,1731726.0
2002,M,11,1730709.0
2003,M,11,1736570.0
2004,M,11,1741719.0
2005,M,11,1743106.0
2006,M,11,1744411.0
2007,M,11,1745105.0
2008,M,11,1744132.0
2009,M,11,1743087.0
2010,M,11,1738604.0
2011,M,11,1720430.0
2012,M,11,1687240.0
2013,M,11,1655130.0
2014,M,11,1627599.0
2015,M,11,1605448.0
2016,M,11,1586948.0
2017,M,11,1569448.0
2018,M,11,1527264.0
2019,M,11,1511896.0
2020,M,11,1501943.0
2021,M,11,1476265.0
2022,M,11,1481825.0
2023,M,11,1490097.0
2024,M,11,1483349.0
2025,M,11,1497927.0
2026,M,11,1527984.0
2027,M,11,1495051.0
2028,M,11,1462492.0
2029,M,11,1483500.0
2030,M,11,1466660.0
2031,M,11,1410546.0
2032,M,11,1363294.0
2033,M,11,1317741.0
2034,M,11,1284039.0
2035,M,11,1263148.0
2036,M,11,1237420.0
2037,M,11,1215285.0
2038,M,11,1195451.0
2039,M,11,1177456.0
2040,M,11,1161293.0
2041,M,11,1146847.0
2042,M,11,1133436.0
2043,M,11,1120901.0
2044,M,11,1109220.0
2045,M,11,1098576.0
2046,M,11,1088675.0
2047,M,11,1079008.0
2048,M,11,1069255.0
2049,M,11,1059823.0
2050,M,11,1050906.0
2051,M,11,1042069.0
2052,M,11,1032961.0
2053,M,11,1023656.0
2054,M,11,1014489.0
2055,M,11,1005470.0
2056,M,11,996330.0
2057,M,11,986828.0
2058,M,11,977139.0
2059,M,11,967354.0
2060,M,11,957274.0
2061,M,11,946826.0
2062,M,11,936137.0
2063,M,11,925364.0
2064,M,11,914342.0
2065,M,11,902778.0
2066,M,11,890888.0
2067,M,11,879220.0
2068,M,11,868171.0
2069,M,11,857231.0
2070,M,11,846074.0
2000,M,12,1759445.0
2001,M,12,1741946.0
2002,M,12,1730976.0
2003,M,12,1729977.0
2004,M,12,1735868.0
2005,M,12,1741037.0
2006,M,12,1742437.0
2007,M,12,1743745.0
2008,M,12,1744448.0
2009,M,12,1743501.0
2010,M,12,1742503.0
2011,M,12,1738079.0
2012,M,12,1720033.0
2013,M,12,1686939.0
2014,M,12,1654896.0
2015,M,12,1627399.0
2016,M,12,1605259.0
2017,M,12,1586766.0
2018,M,12,1569305.0
2019,M,12,1527261.0
2020,M,12,1511979.0
2021,M,12,1501993.0
2022,M,12,1476272.0
2023,M,12,1481829.0
2024,M,12,1490032.0
2025,M,12,1483260.0
2026,M,12,1497803.0
2027,M,12,1527820.0
2028,M,12,1494857.0
2029,M,12,1462267.0
2030,M,12,1483239.0
2031,M,12,1466391.0
2032,M,12,1410284.0
2033,M,12,1363034.0
2034,M,12,1317486.0
2035,M,12,1283781.0
2036,M,12,1262888.0
2037,M,12,1237158.0
2038,M,12,1215023.0
2039,M,12,1195187.0
2040,M,12,1177190.0
2041,M,12,1161029.0
2042,M,12,1146592.0
2043,M,12,1133187.0
2044,M,12,1120657.0
2045,M,12,1108986.0
2046,M,12,1098348.0
2047,M,12,1088455.0
2048,M,12,1078795.0
2049,M,12,1069048.0
2050,M,12,1059622.0
2051,M,12,1050709.0
2052,M,12,1041878.0
2053,M,12,1032774.0
2054,M,12,1023474.0
2055,M,12,1014314.0
2056,M,12,1005303.0
2057,M,12,996167.0
2058,M,12,986670.0
2059,M,12,976983.0
2060,M,12,967207.0
2061,M,12,957126.0
2062,M,12,946684.0
2063,M,12,936004.0
2064,M,12,925234.0
2065,M,12,914215.0
2066,M,12,902658.0
2067,M,12,890770.0
2068,M,12,879107.0
2069,M,12,868062.0
2070,M,12,857123.0
2000,M,13,1776774.0
2001,M,13,1758545.0
2002,M,13,1741084.0
2003,M,13,1730143.0
2004,M,13,1729152.0
2005,M,13,1735076.0
2006,M,13,1740278.0
2007,M,13,1741689.0
2008,M,13,1742990.0
2009,M,13,1743689.0
2010,M,13,1742760.0
2011,M,13,1741853.0
2012,M,13,1737533.0
2013,M,13,1719572.0
2014,M,13,1686525.0
2015,M,13,1654513.0
2016,M,13,1627053.0
2017,M,13,1604950.0
2018,M,13,1586527.0
2019,M,13,1569213.0
2020,M,13,1527214.0
2021,M,13,1511917.0
2022,M,13,1501889.0
2023,M,13,1476168.0
2024,M,13,1481749.0
2025,M,13,1489926.0
2026,M,13,1483124.0
2027,M,13,1497635.0
2028,M,13,1527614.0
2029,M,13,1494619.0
2030,M,13,1462005.0
2031,M,13,1482957.0
2032,M,13,1466112.0
2033,M,13,1410013.0
2034,M,13,1362767.0
2035,M,13,1317220.0
2036,M,13,1283515.0
2037,M,13,1262620.0
2038,M,13,1236891.0
2039,M,13,1214752.0
2040,M,13,1194915.0
2041,M,13,1176919.0
2042,M,13,1160769.0
2043,M,13,1146342.0
2044,M,13,1132943.0
2045,M,13,1120420.0
2046,M,13,1108756.0
2047,M,13,1098130.0
2048,M,13,1088240.0
2049,M,13,1078585.0
2050,M,13,1068844.0
2051,M,13,1059424.0
2052,M,13,1050519.0
2053,M,13,1041691.0
2054,M,13,1032594.0
2055,M,13,1023301.0
2056,M,13,1014146.0
2057,M,13,1005138.0
2058,M,13,996007.0
2059,M,13,986517.0
2060,M,13,976831.0
2061,M,13,967060.0
2062,M,13,956983.0
2063,M,13,946547.0
2064,M,13,935872.0
2065,M,13,925106.0
2066,M,13,914091.0
2067,M,13,902538.0
2068,M,13,890655.0
2069,M,13,878996.0
2070,M,13,867953.0
2000,M,14,1789099.0
2001,M,14,1775564.0
2002,M,14,1757362.0
2003,M,14,1739951.0
2004,M,14,1729075.0
2005,M,14,1728111.0
2006,M,14,1734055.0
2007,M,14,1739281.0
2008,M,14,1740694.0
2009,M,14,1741992.0
2010,M,14,1742510.0
2011,M,14,1741659.0
2012,M,14,1740901.0
2013,M,14,1736651.0
2014,M,14,1718758.0
2015,M,14,1685701.0
2016,M,14,1653721.0
2017,M,14,1626275.0
2018,M,14,1604268.0
2019,M,14,1586129.0
2020,M,14,1568895.0
2021,M,14,1526882.0
2022,M,14,1511477.0
2023,M,14,1501487.0
2024,M,14,1475973.0
2025,M,14,1481543.0
2026,M,14,1489706.0
2027,M,14,1482897.0
2028,M,14,1497391.0
2029,M,14,1527346.0
2030,M,14,1494339.0
2031,M,14,1461722.0
2032,M,14,1482664.0
2033,M,14,1465824.0
2034,M,14,1409732.0
2035,M,14,1362489.0
2036,M,14,1316946.0
2037,M,14,1283242.0
2038,M,14,1262344.0
2039,M,14,1236614.0
2040,M,14,1214474.0
2041,M,14,1194642.0
2042,M,14,1176655.0
2043,M,14,1160513.0
2044,M,14,1146095.0
2045,M,14,1132704.0
2046,M,14,1120190.0
2047,M,14,1108530.0
2048,M,14,1097912.0
2049,M,14,1088028.0
2050,M,14,1078381.0
2051,M,14,1068644.0
2052,M,14,1059229.0
2053,M,14,1050331.0
2054,M,14,1041506.0
2055,M,14,1032418.0
2056,M,14,1023131.0
2057,M,14,1013979.0
2058,M,14,1004978.0
2059,M,14,995850.0
2060,M,14,986364.0
2061,M,14,976685.0
2062,M,14,966917.0
2063,M,14,956843.0
2064,M,14,946412.0
2065,M,14,935741.0
2066,M,14,924980.0
2067,M,14,913970.0
2068,M,14,902421.0
2069,M,14,890543.0
2070,M,14,878886.0
2000,M,15,1794716.0
2001,M,15,1787202.0
2002,M,15,1773679.0
2003,M,15,1755497.0
2004,M,15,1738146.0
2005,M,15,1727320.0
2006,M,15,1726390.0
2007,M,15,1732350.0
2008,M,15,1737596.0
2009,M,15,1739023.0
2010,M,15,1739682.0
2011,M,15,1740155.0
2012,M,15,1739574.0
2013,M,15,1738901.0
2014,M,15,1734689.0
2015,M,15,1716704.0
2016,M,15,1683636.0
2017,M,15,1651599.0
2018,M,15,1624273.0
2019,M,15,1602890.0
2020,M,15,1585015.0
2021,M,15,1567826.0
2022,M,15,1525530.0
2023,M,15,1510279.0
2024,M,15,1500219.0
2025,M,15,1474781.0
2026,M,15,1480399.0
2027,M,15,1488611.0
2028,M,15,1481859.0
2029,M,15,1496389.0
2030,M,15,1526374.0
2031,M,15,1493398.0
2032,M,15,1460815.0
2033,M,15,1481757.0
2034,M,15,1464941.0
2035,M,15,1408889.0
2036,M,15,1361683.0
2037,M,15,1316173.0
2038,M,15,1282495.0
2039,M,15,1261613.0
2040,M,15,1235899.0
2041,M,15,1213784.0
2042,M,15,1193981.0
2043,M,15,1176015.0
2044,M,15,1159899.0
2045,M,15,1145503.0
2046,M,15,1132133.0
2047,M,15,1119638.0
2048,M,15,1108000.0
2049,M,15,1097399.0
2050,M,15,1087529.0
2051,M,15,1077901.0
2052,M,15,1068179.0
2053,M,15,1058779.0
2054,M,15,1049895.0
2055,M,15,1041083.0
2056,M,15,1032010.0
2057,M,15,1022738.0
2058,M,15,1013600.0
2059,M,15,1004613.0
2060,M,15,995499.0
2061,M,15,986023.0
2062,M,15,976355.0
2063,M,15,966600.0
2064,M,15,956539.0
2065,M,15,946119.0
2066,M,15,935457.0
2067,M,15,924708.0
2068,M,15,913708.0
2069,M,15,902170.0
2070,M,15,890304.0
2000,M,16,1791018.0
2001,M,16,1791978.0
2002,M,16,1784462.0
2003,M,16,1770982.0
2004,M,16,1752857.0
2005,M,16,1735548.0
2006,M,16,1724747.0
2007,M,16,1723841.0
2008,M,16,1729836.0
2009,M,16,1735106.0
2010,M,16,1735123.0
2011,M,16,1735442.0
2012,M,16,1736472.0
2013,M,16,1736096.0
2014,M,16,1735451.0
2015,M,16,1730988.0
2016,M,16,1712861.0
2017,M,16,1679573.0
2018,M,16,1647604.0
2019,M,16,1621380.0
2020,M,16,1600648.0
2021,M,16,1582895.0
2022,M,16,1565102.0
2023,M,16,1523022.0
2024,M,16,1507633.0
2025,M,16,1497757.0
2026,M,16,1472522.0
2027,M,16,1478288.0
2028,M,16,1486651.0
2029,M,16,1480069.0
2030,M,16,1494737.0
2031,M,16,1524745.0
2032,M,16,1491836.0
2033,M,16,1459312.0
2034,M,16,1480254.0
2035,M,16,1463484.0
2036,M,16,1407507.0
2037,M,16,1360358.0
2038,M,16,1314913.0
2039,M,16,1281283.0
2040,M,16,1260439.0
2041,M,16,1234767.0
2042,M,16,1212697.0
2043,M,16,1192939.0
2044,M,16,1175014.0
2045,M,16,1158933.0
2046,M,16,1144578.0
2047,M,16,1131238.0
2048,M,16,1118773.0
2049,M,16,1107167.0
2050,M,16,1096596.0
2051,M,16,1086754.0
2052,M,16,1077150.0
2053,M,16,1067456.0
2054,M,16,1058080.0
2055,M,16,1049221.0
2056,M,16,1040428.0
2057,M,16,1031379.0
2058,M,16,1022130.0
2059,M,16,1013017.0
2060,M,16,1004047.0
2061,M,16,994956.0
2062,M,16,985496.0
2063,M,16,975849.0
2064,M,16,966116.0
2065,M,16,956072.0
2066,M,16,945672.0
2067,M,16,935024.0
2068,M,16,924293.0
2069,M,16,913310.0
2070,M,16,901792.0
2000,M,17,1779073.0
2001,M,17,1787685.0
2002,M,17,1788636.0
2003,M,17,1781158.0
2004,M,17,1767748.0
2005,M,17,1749680.0
2006,M,17,1732392.0
2007,M,17,1721614.0
2008,M,17,1720744.0
2009,M,17,1726777.0
2010,M,17,1729601.0
2011,M,17,1728722.0
2012,M,17,1730095.0
2013,M,17,1731599.0
2014,M,17,1731278.0
2015,M,17,1730203.0
2016,M,17,1725426.0
2017,M,17,1706829.0
2018,M,17,1673444.0
2019,M,17,1643125.0
2020,M,17,1618059.0
2021,M,17,1597506.0
2022,M,17,1578644.0
2023,M,17,1561026.0
2024,M,17,1519527.0
2025,M,17,1504467.0
2026,M,17,1494900.0
2027,M,17,1469999.0
2028,M,17,1476041.0
2029,M,17,1484680.0
2030,M,17,1478388.0
2031,M,17,1493159.0
2032,M,17,1523161.0
2033,M,17,1490312.0
2034,M,17,1457844.0
2035,M,17,1478787.0
2036,M,17,1462053.0
2037,M,17,1406151.0
2038,M,17,1359057.0
2039,M,17,1313671.0
2040,M,17,1280092.0
2041,M,17,1259288.0
2042,M,17,1233663.0
2043,M,17,1211637.0
2044,M,17,1191926.0
2045,M,17,1174037.0
2046,M,17,1157995.0
2047,M,17,1143673.0
2048,M,17,1130366.0
2049,M,17,1117932.0
2050,M,17,1106354.0
2051,M,17,1095810.0
2052,M,17,1085999.0
2053,M,17,1076418.0
2054,M,17,1066749.0
2055,M,17,1057401.0
2056,M,17,1048565.0
2057,M,17,1039796.0
2058,M,17,1030765.0
2059,M,17,1021540.0
2060,M,17,1012446.0
2061,M,17,1003499.0
2062,M,17,994427.0
2063,M,17,984986.0
2064,M,17,975359.0
2065,M,17,965648.0
2066,M,17,955623.0
2067,M,17,945236.0
2068,M,17,934606.0
2069,M,17,923896.0
2070,M,17,912922.0
2000,M,18,1765864.0
2001,M,18,1775253.0
2002,M,18,1783828.0
2003,M,18,1784804.0
2004,M,18,1777410.0
2005,M,18,1764075.0
2006,M,18,1746038.0
2007,M,18,1728769.0
2008,M,18,1718021.0
2009,M,18,1717186.0
2010,M,18,1719672.0
2011,M,18,1720839.0
2012,M,18,1721630.0
2013,M,18,1723852.0
2014,M,18,1725497.0
2015,M,18,1724559.0
2016,M,18,1722940.0
2017,M,18,1717415.0
2018,M,18,1698454.0
2019,M,18,1667242.0
2020,M,18,1638676.0
2021,M,18,1613831.0
2022,M,18,1591596.0
2023,M,18,1572757.0
2024,M,18,1556472.0
2025,M,18,1515537.0
2026,M,18,1500955.0
2027,M,18,1491846.0
2028,M,18,1467419.0
2029,M,18,1473878.0
2030,M,18,1482939.0
2031,M,18,1476847.0
2032,M,18,1491625.0
2033,M,18,1521620.0
2034,M,18,1488826.0
2035,M,18,1456413.0
2036,M,18,1477350.0
2037,M,18,1460653.0
2038,M,18,1404817.0
2039,M,18,1357781.0
2040,M,18,1312445.0
2041,M,18,1278922.0
2042,M,18,1258164.0
2043,M,18,1232585.0
2044,M,18,1210605.0
2045,M,18,1190937.0
2046,M,18,1173088.0
2047,M,18,1157080.0
2048,M,18,1142793.0
2049,M,18,1129515.0
2050,M,18,1117111.0
2051,M,18,1105562.0
2052,M,18,1095049.0
2053,M,18,1085263.0
2054,M,18,1075710.0
2055,M,18,1066063.0
2056,M,18,1056739.0
2057,M,18,1047925.0
2058,M,18,1039183.0
2059,M,18,1030172.0
2060,M,18,1020965.0
2061,M,18,1011894.0
2062,M,18,1002965.0
2063,M,18,993912.0
2064,M,18,984491.0
2065,M,18,974882.0
2066,M,18,965189.0
2067,M,18,955180.0
2068,M,18,944814.0
2069,M,18,934201.0
2070,M,18,923509.0
2000,M,19,1749781.0
2001,M,19,1761669.0
2002,M,19,1770995.0
2003,M,19,1779575.0
2004,M,19,1780629.0
2005,M,19,1773333.0
2006,M,19,1760051.0
2007,M,19,1742035.0
2008,M,19,1724775.0
2009,M,19,1714046.0
2010,M,19,1708688.0
2011,M,19,1708684.0
2012,M,19,1712157.0
2013,M,19,1714246.0
2014,M,19,1716694.0
2015,M,19,1717569.0
2016,M,19,1715840.0
2017,M,19,1713179.0
2018,M,19,1707003.0
2019,M,19,1690646.0
2020,M,19,1661750.0
2021,M,19,1633431.0
2022,M,19,1606369.0
2023,M,19,1583931.0
2024,M,19,1567218.0
2025,M,19,1551596.0
2026,M,19,1511375.0
2027,M,19,1497409.0
2028,M,19,1488896.0
2029,M,19,1465080.0
2030,M,19,1472096.0
2031,M,19,1481409.0
2032,M,19,1475354.0
2033,M,19,1490140.0
2034,M,19,1520120.0
2035,M,19,1487375.0
2036,M,19,1455011.0
2037,M,19,1475942.0
2038,M,19,1459278.0
2039,M,19,1403502.0
2040,M,19,1356519.0
2041,M,19,1311245.0
2042,M,19,1277780.0
2043,M,19,1257069.0
2044,M,19,1231537.0
2045,M,19,1209600.0
2046,M,19,1189974.0
2047,M,19,1172160.0
2048,M,19,1156192.0
2049,M,19,1141931.0
2050,M,19,1128685.0
2051,M,19,1116315.0
2052,M,19,1104791.0
2053,M,19,1094307.0
2054,M,19,1084548.0
2055,M,19,1075019.0
2056,M,19,1065394.0
2057,M,19,1056095.0
2058,M,19,1047307.0
2059,M,19,1038584.0
2060,M,19,1029593.0
2061,M,19,1020408.0
2062,M,19,1011357.0
2063,M,19,1002447.0
2064,M,19,993414.0
2065,M,19,984011.0
2066,M,19,974421.0
2067,M,19,964743.0
2068,M,19,954751.0
2069,M,19,944404.0
2070,M,19,933810.0
2000,M,20,1722069.0
2001,M,20,1745259.0
2002,M,20,1757061.0
2003,M,20,1766365.0
2004,M,20,1775025.0
2005,M,20,1776202.0
2006,M,20,1768986.0
2007,M,20,1755724.0
2008,M,20,1737699.0
2009,M,20,1720440.0
2010,M,20,1704453.0
2011,M,20,1695840.0
2012,M,20,1698687.0
2013,M,20,1703880.0
2014,M,20,1706299.0
2015,M,20,1707860.0
2016,M,20,1707724.0
2017,M,20,1704719.0
2018,M,20,1701114.0
2019,M,20,1697844.0
2020,M,20,1684278.0
2021,M,20,1655625.0
2022,M,20,1624664.0
2023,M,20,1597154.0
2024,M,20,1576855.0
2025,M,20,1560954.0
2026,M,20,1546130.0
2027,M,20,1506757.0
2028,M,20,1493538.0
2029,M,20,1485744.0
2030,M,20,1462663.0
2031,M,20,1470009.0
2032,M,20,1479348.0
2033,M,20,1473338.0
2034,M,20,1488137.0
2035,M,20,1518102.0
2036,M,20,1485426.0
2037,M,20,1453132.0
2038,M,20,1474061.0
2039,M,20,1457438.0
2040,M,20,1401750.0
2041,M,20,1354850.0
2042,M,20,1309675.0
2043,M,20,1276288.0
2044,M,20,1255637.0
2045,M,20,1230165.0
2046,M,20,1208285.0
2047,M,20,1188715.0
2048,M,20,1170951.0
2049,M,20,1155033.0
2050,M,20,1140813.0
2051,M,20,1127610.0
2052,M,20,1115277.0
2053,M,20,1103790.0
2054,M,20,1093344.0
2055,M,20,1083615.0
2056,M,20,1074125.0
2057,M,20,1064529.0
2058,M,20,1055263.0
2059,M,20,1046501.0
2060,M,20,1037809.0
2061,M,20,1028846.0
2062,M,20,1019690.0
2063,M,20,1010665.0
2064,M,20,1001781.0
2065,M,20,992774.0
2066,M,20,983397.0
2067,M,20,973829.0
2068,M,20,964173.0
2069,M,20,954206.0
2070,M,20,943882.0
2000,M,21,1680200.0
2001,M,21,1717241.0
2002,M,21,1740316.0
2003,M,21,1752068.0
2004,M,21,1761445.0
2005,M,21,1770260.0
2006,M,21,1771542.0
2007,M,21,1764349.0
2008,M,21,1751060.0
2009,M,21,1733014.0
2010,M,21,1710070.0
2011,M,21,1690230.0
2012,M,21,1684870.0
2013,M,21,1689758.0
2014,M,21,1695365.0
2015,M,21,1696843.0
2016,M,21,1697219.0
2017,M,21,1695655.0
2018,M,21,1691488.0
2019,M,21,1690956.0
2020,M,21,1690800.0
2021,M,21,1677462.0
2022,M,21,1645902.0
2023,M,21,1614269.0
2024,M,21,1588776.0
2025,M,21,1569421.0
2026,M,21,1554418.0
2027,M,21,1540470.0
2028,M,21,1502034.0
2029,M,21,1489638.0
2030,M,21,1482643.0
2031,M,21,1460009.0
2032,M,21,1467393.0
2033,M,21,1476763.0
2034,M,21,1470813.0
2035,M,21,1485625.0
2036,M,21,1515577.0
2037,M,21,1482992.0
2038,M,21,1450785.0
2039,M,21,1471708.0
2040,M,21,1455141.0
2041,M,21,1399582.0
2042,M,21,1352796.0
2043,M,21,1307742.0
2044,M,21,1274457.0
2045,M,21,1253877.0
2046,M,21,1228482.0
2047,M,21,1206675.0
2048,M,21,1187169.0
2049,M,21,1169466.0
2050,M,21,1153609.0
2051,M,21,1139441.0
2052,M,21,1126289.0
2053,M,21,1114006.0
2054,M,21,1102567.0
2055,M,21,1092164.0
2056,M,21,1082480.0
2057,M,21,1073028.0
2058,M,21,1063476.0
2059,M,21,1054247.0
2060,M,21,1045523.0
2061,M,21,1036867.0
2062,M,21,1027938.0
2063,M,21,1018818.0
2064,M,21,1009824.0
2065,M,21,1000975.0
2066,M,21,991999.0
2067,M,21,982652.0
2068,M,21,973114.0
2069,M,21,963488.0
2070,M,21,953548.0
2000,M,22,1628259.0
2001,M,22,1675142.0
2002,M,22,1712045.0
2003,M,22,1735048.0
2004,M,22,1746871.0
2005,M,22,1756412.0
2006,M,22,1765348.0
2007,M,22,1766659.0
2008,M,22,1759423.0
2009,M,22,1746098.0
2010,M,22,1722211.0
2011,M,22,1695058.0
2012,M,22,1678682.0
2013,M,22,1675587.0
2014,M,22,1680937.0
2015,M,22,1685596.0
2016,M,22,1685787.0
2017,M,22,1684665.0
2018,M,22,1681814.0
2019,M,22,1680764.0
2020,M,22,1683522.0
2021,M,22,1683546.0
2022,M,22,1667198.0
2023,M,22,1634793.0
2024,M,22,1605643.0
2025,M,22,1581151.0
2026,M,22,1562745.0
2027,M,22,1548652.0
2028,M,22,1535588.0
2029,M,22,1498090.0
2030,M,22,1486536.0
2031,M,22,1479978.0
2032,M,22,1457430.0
2033,M,22,1464842.0
2034,M,22,1474245.0
2035,M,22,1468346.0
2036,M,22,1483168.0
2037,M,22,1513105.0
2038,M,22,1480605.0
2039,M,22,1448477.0
2040,M,22,1469394.0
2041,M,22,1452891.0
2042,M,22,1397466.0
2043,M,22,1350802.0
2044,M,22,1305861.0
2045,M,22,1272672.0
2046,M,22,1252164.0
2047,M,22,1226845.0
2048,M,22,1205109.0
2049,M,22,1185669.0
2050,M,22,1168025.0
2051,M,22,1152223.0
2052,M,22,1138105.0
2053,M,22,1125007.0
2054,M,22,1112774.0
2055,M,22,1101378.0
2056,M,22,1091020.0
2057,M,22,1081376.0
2058,M,22,1071963.0
2059,M,22,1062451.0
2060,M,22,1053262.0
2061,M,22,1044571.0
2062,M,22,1035950.0
2063,M,22,1027060.0
2064,M,22,1017969.0
2065,M,22,1009012.0
2066,M,22,1000189.0
2067,M,22,991247.0
2068,M,22,981930.0
2069,M,22,972420.0
2070,M,22,962822.0
2000,M,23,1571322.0
2001,M,23,1623131.0
2002,M,23,1669867.0
2003,M,23,1706693.0
2004,M,23,1729744.0
2005,M,23,1741725.0
2006,M,23,1751385.0
2007,M,23,1760337.0
2008,M,23,1761600.0
2009,M,23,1754311.0
2010,M,23,1735229.0
2011,M,23,1706983.0
2012,M,23,1683354.0
2013,M,23,1669330.0
2014,M,23,1666731.0
2015,M,23,1671165.0
2016,M,23,1674528.0
2017,M,23,1673228.0
2018,M,23,1670779.0
2019,M,23,1670996.0
2020,M,23,1673290.0
2021,M,23,1676147.0
2022,M,23,1673169.0
2023,M,23,1655858.0
2024,M,23,1626145.0
2025,M,23,1598016.0
2026,M,23,1574488.0
2027,M,23,1556999.0
2028,M,23,1543791.0
2029,M,23,1531588.0
2030,M,23,1494986.0
2031,M,23,1483883.0
2032,M,23,1477378.0
2033,M,23,1454911.0
2034,M,23,1462355.0
2035,M,23,1471781.0
2036,M,23,1465929.0
2037,M,23,1480757.0
2038,M,23,1510679.0
2039,M,23,1478258.0
2040,M,23,1446204.0
2041,M,23,1467131.0
2042,M,23,1450700.0
2043,M,23,1395410.0
2044,M,23,1348857.0
2045,M,23,1304028.0
2046,M,23,1270937.0
2047,M,23,1250498.0
2048,M,23,1225251.0
2049,M,23,1203583.0
2050,M,23,1184208.0
2051,M,23,1166626.0
2052,M,23,1150875.0
2053,M,23,1136813.0
2054,M,23,1123761.0
2055,M,23,1111575.0
2056,M,23,1100226.0
2057,M,23,1089910.0
2058,M,23,1080306.0
2059,M,23,1070931.0
2060,M,23,1061456.0
2061,M,23,1052304.0
2062,M,23,1043651.0
2063,M,23,1035068.0
2064,M,23,1026204.0
2065,M,23,1017149.0
2066,M,23,1008223.0
2067,M,23,999430.0
2068,M,23,990518.0
2069,M,23,981232.0
2070,M,23,971749.0
2000,M,24,1516996.0
2001,M,24,1566260.0
2002,M,24,1617931.0
2003,M,24,1664593.0
2004,M,24,1701452.0
2005,M,24,1724637.0
2006,M,24,1736712.0
2007,M,24,1746379.0
2008,M,24,1755261.0
2009,M,24,1756473.0
2010,M,24,1743671.0
2011,M,24,1720272.0
2012,M,24,1695471.0
2013,M,24,1674177.0
2014,M,24,1660659.0
2015,M,24,1657213.0
2016,M,24,1660394.0
2017,M,24,1662350.0
2018,M,24,1659765.0
2019,M,24,1660272.0
2020,M,24,1663763.0
2021,M,24,1666083.0
2022,M,24,1666019.0
2023,M,24,1662011.0
2024,M,24,1647364.0
2025,M,24,1618638.0
2026,M,24,1591464.0
2027,M,24,1568837.0
2028,M,24,1552214.0
2029,M,24,1539836.0
2030,M,24,1528445.0
2031,M,24,1492334.0
2032,M,24,1481294.0
2033,M,24,1474839.0
2034,M,24,1452446.0
2035,M,24,1459919.0
2036,M,24,1469363.0
2037,M,24,1463558.0
2038,M,24,1478388.0
2039,M,24,1508287.0
2040,M,24,1475945.0
2041,M,24,1443977.0
2042,M,24,1464926.0
2043,M,24,1448564.0
2044,M,24,1393411.0
2045,M,24,1346967.0
2046,M,24,1302247.0
2047,M,24,1269249.0
2048,M,24,1248878.0
2049,M,24,1223701.0
2050,M,24,1202104.0
2051,M,24,1182789.0
2052,M,24,1165264.0
2053,M,24,1149566.0
2054,M,24,1135555.0
2055,M,24,1122551.0
2056,M,24,1110409.0
2057,M,24,1099106.0
2058,M,24,1088833.0
2059,M,24,1079265.0
2060,M,24,1069929.0
2061,M,24,1060493.0
2062,M,24,1051378.0
2063,M,24,1042759.0
2064,M,24,1034209.0
2065,M,24,1025375.0
2066,M,24,1016354.0
2067,M,24,1007458.0
2068,M,24,998694.0
2069,M,24,989815.0
2070,M,24,980554.0
2000,M,25,1470379.0
2001,M,25,1512093.0
2002,M,25,1561240.0
2003,M,25,1612842.0
2004,M,25,1659513.0
2005,M,25,1696476.0
2006,M,25,1719722.0
2007,M,25,1731779.0
2008,M,25,1741372.0
2009,M,25,1750197.0
2010,M,25,1746262.0
2011,M,25,1729313.0
2012,M,25,1709192.0
2013,M,25,1686643.0
2014,M,25,1665843.0
2015,M,25,1651562.0
2016,M,25,1646954.0
2017,M,25,1648852.0
2018,M,25,1649615.0
2019,M,25,1649829.0
2020,M,25,1653462.0
2021,M,25,1656897.0
2022,M,25,1656429.0
2023,M,25,1655312.0
2024,M,25,1653674.0
2025,M,25,1639899.0
2026,M,25,1612085.0
2027,M,25,1585794.0
2028,M,25,1564008.0
2029,M,25,1548188.0
2030,M,25,1536588.0
2031,M,25,1525623.0
2032,M,25,1489620.0
2033,M,25,1478639.0
2034,M,25,1472238.0
2035,M,25,1449922.0
2036,M,25,1457421.0
2037,M,25,1466884.0
2038,M,25,1461122.0
2039,M,25,1475954.0
2040,M,25,1505827.0
2041,M,25,1473583.0
2042,M,25,1441723.0
2043,M,25,1462693.0
2044,M,25,1446404.0
2045,M,25,1391386.0
2046,M,25,1345053.0
2047,M,25,1300447.0
2048,M,25,1267542.0
2049,M,25,1247239.0
2050,M,25,1222136.0
2051,M,25,1200608.0
2052,M,25,1181355.0
2053,M,25,1163890.0
2054,M,25,1148247.0
2055,M,25,1134288.0
2056,M,25,1121332.0
2057,M,25,1109240.0
2058,M,25,1097980.0
2059,M,25,1087746.0
2060,M,25,1078222.0
2061,M,25,1068923.0
2062,M,25,1059524.0
2063,M,25,1050449.0
2064,M,25,1041860.0
2065,M,25,1033349.0
2066,M,25,1024546.0
2067,M,25,1015559.0
2068,M,25,1006691.0
2069,M,25,997959.0
2070,M,25,989112.0
2000,M,26,1435717.0
2001,M,26,1465658.0
2002,M,26,1507271.0
2003,M,26,1556351.0
2004,M,26,1607960.0
2005,M,26,1654694.0
2006,M,26,1691685.0
2007,M,26,1714890.0
2008,M,26,1726858.0
2009,M,26,1736403.0
2010,M,26,1740498.0
2011,M,26,1732677.0
2012,M,26,1718789.0
2013,M,26,1700806.0
2014,M,26,1678734.0
2015,M,26,1657248.0
2016,M,26,1641918.0
2017,M,26,1636174.0
2018,M,26,1636981.0
2019,M,26,1640372.0
2020,M,26,1643499.0
2021,M,26,1646981.0
2022,M,26,1647798.0
2023,M,26,1646301.0
2024,M,26,1647234.0
2025,M,26,1646354.0
2026,M,26,1633381.0
2027,M,26,1606402.0
2028,M,26,1580921.0
2029,M,26,1559907.0
2030,M,26,1544827.0
2031,M,26,1533636.0
2032,M,26,1522733.0
2033,M,26,1486838.0
2034,M,26,1475918.0
2035,M,26,1469571.0
2036,M,26,1447332.0
2037,M,26,1454855.0
2038,M,26,1464333.0
2039,M,26,1458616.0
2040,M,26,1473451.0
2041,M,26,1503322.0
2042,M,26,1471191.0
2043,M,26,1439441.0
2044,M,26,1460434.0
2045,M,26,1444219.0
2046,M,26,1389336.0
2047,M,26,1343119.0
2048,M,26,1298628.0
2049,M,26,1265816.0
2050,M,26,1245584.0
2051,M,26,1220557.0
2052,M,26,1199099.0
2053,M,26,1179910.0
2054,M,26,1162505.0
2055,M,26,1146918.0
2056,M,26,1133008.0
2057,M,26,1120106.0
2058,M,26,1108062.0
2059,M,26,1096847.0
2060,M,26,1086656.0
2061,M,26,1077175.0
2062,M,26,1067916.0
2063,M,26,1058551.0
2064,M,26,1049516.0
2065,M,26,1040963.0
2066,M,26,1032488.0
2067,M,26,1023717.0
2068,M,26,1014762.0
2069,M,26,1005929.0
2070,M,26,997227.0
2000,M,27,1410608.0
2001,M,27,1431145.0
2002,M,27,1460998.0
2003,M,27,1502557.0
2004,M,27,1551638.0
2005,M,27,1603286.0
2006,M,27,1650019.0
2007,M,27,1686952.0
2008,M,27,1710066.0
2009,M,27,1721976.0
2010,M,27,1727232.0
2011,M,27,1727757.0
2012,M,27,1722755.0
2013,M,27,1710837.0
2014,M,27,1693325.0
2015,M,27,1670651.0
2016,M,27,1648232.0
2017,M,27,1631900.0
2018,M,27,1625201.0
2019,M,27,1628418.0
2020,M,27,1634480.0
2021,M,27,1637395.0
2022,M,27,1638446.0
2023,M,27,1638298.0
2024,M,27,1638686.0
2025,M,27,1640297.0
2026,M,27,1640102.0
2027,M,27,1627855.0
2028,M,27,1601626.0
2029,M,27,1576873.0
2030,M,27,1556556.0
2031,M,27,1541869.0
2032,M,27,1530742.0
2033,M,27,1519898.0
2034,M,27,1484107.0
2035,M,27,1473244.0
2036,M,27,1466947.0
2037,M,27,1444780.0
2038,M,27,1452325.0
2039,M,27,1461822.0
2040,M,27,1456145.0
2041,M,27,1470997.0
2042,M,27,1500879.0
2043,M,27,1468863.0
2044,M,27,1437223.0
2045,M,27,1458233.0
2046,M,27,1442094.0
2047,M,27,1387345.0
2048,M,27,1341239.0
2049,M,27,1296858.0
2050,M,27,1264138.0
2051,M,27,1243977.0
2052,M,27,1219022.0
2053,M,27,1197633.0
2054,M,27,1178504.0
2055,M,27,1161157.0
2056,M,27,1145629.0
2057,M,27,1131768.0
2058,M,27,1118914.0
2059,M,27,1106917.0
2060,M,27,1095750.0
2061,M,27,1085597.0
2062,M,27,1076160.0
2063,M,27,1066936.0
2064,M,27,1057610.0
2065,M,27,1048612.0
2066,M,27,1040097.0
2067,M,27,1031653.0
2068,M,27,1022917.0
2069,M,27,1013995.0
2070,M,27,1005192.0
2000,M,28,1387457.0
2001,M,28,1406092.0
2002,M,28,1426571.0
2003,M,28,1456384.0
2004,M,28,1497957.0
2005,M,28,1547069.0
2006,M,28,1598708.0
2007,M,28,1645372.0
2008,M,28,1682215.0
2009,M,28,1705262.0
2010,M,28,1713305.0
2011,M,28,1715309.0
2012,M,28,1718401.0
2013,M,28,1715208.0
2014,M,28,1703721.0
2015,M,28,1685686.0
2016,M,28,1662188.0
2017,M,28,1638902.0
2018,M,28,1621732.0
2019,M,28,1617254.0
2020,M,28,1622865.0
2021,M,28,1628666.0
2022,M,28,1629378.0
2023,M,28,1629585.0
2024,M,28,1631147.0
2025,M,28,1632144.0
2026,M,28,1634362.0
2027,M,28,1634779.0
2028,M,28,1623182.0
2029,M,28,1597624.0
2030,M,28,1573523.0
2031,M,28,1553577.0
2032,M,28,1538964.0
2033,M,28,1527899.0
2034,M,28,1517110.0
2035,M,28,1481423.0
2036,M,28,1470614.0
2037,M,28,1464358.0
2038,M,28,1442262.0
2039,M,28,1449832.0
2040,M,28,1459343.0
2041,M,28,1453722.0
2042,M,28,1468610.0
2043,M,28,1498504.0
2044,M,28,1466594.0
2045,M,28,1435062.0
2046,M,28,1456091.0
2047,M,28,1440028.0
2048,M,28,1385406.0
2049,M,28,1339411.0
2050,M,28,1295135.0
2051,M,28,1262509.0
2052,M,28,1242414.0
2053,M,28,1217530.0
2054,M,28,1196208.0
2055,M,28,1177137.0
2056,M,28,1159849.0
2057,M,28,1144377.0
2058,M,28,1130564.0
2059,M,28,1117759.0
2060,M,28,1105807.0
2061,M,28,1094684.0
2062,M,28,1084573.0
2063,M,28,1075173.0
2064,M,28,1065988.0
2065,M,28,1056702.0
2066,M,28,1047736.0
2067,M,28,1039257.0
2068,M,28,1030846.0
2069,M,28,1022143.0
2070,M,28,1013252.0
2000,M,29,1363555.0
2001,M,29,1382907.0
2002,M,29,1401513.0
2003,M,29,1421982.0
2004,M,29,1451825.0
2005,M,29,1493446.0
2006,M,29,1542556.0
2007,M,29,1594136.0
2008,M,29,1640705.0
2009,M,29,1677467.0
2010,M,29,1697041.0
2011,M,29,1702144.0
2012,M,29,1706455.0
2013,M,29,1711181.0
2014,M,29,1708394.0
2015,M,29,1696450.0
2016,M,29,1677687.0
2017,M,29,1653429.0
2018,M,29,1629422.0
2019,M,29,1614275.0
2020,M,29,1611943.0
2021,M,29,1617253.0
2022,M,29,1621094.0
2023,M,29,1621123.0
2024,M,29,1622875.0
2025,M,29,1624982.0
2026,M,29,1626523.0
2027,M,29,1629280.0
2028,M,29,1630248.0
2029,M,29,1619224.0
2030,M,29,1594264.0
2031,M,29,1570515.0
2032,M,29,1550648.0
2033,M,29,1536108.0
2034,M,29,1525102.0
2035,M,29,1514364.0
2036,M,29,1478777.0
2037,M,29,1468019.0
2038,M,29,1461805.0
2039,M,29,1439780.0
2040,M,29,1447372.0
2041,M,29,1456911.0
2042,M,29,1451359.0
2043,M,29,1466286.0
2044,M,29,1496194.0
2045,M,29,1464390.0
2046,M,29,1432959.0
2047,M,29,1454010.0
2048,M,29,1438018.0
2049,M,29,1383522.0
2050,M,29,1337632.0
2051,M,29,1293462.0
2052,M,29,1260926.0
2053,M,29,1240895.0
2054,M,29,1216081.0
2055,M,29,1194823.0
2056,M,29,1175812.0
2057,M,29,1158583.0
2058,M,29,1143162.0
2059,M,29,1129397.0
2060,M,29,1116637.0
2061,M,29,1104729.0
2062,M,29,1093648.0
2063,M,29,1083579.0
2064,M,29,1074219.0
2065,M,29,1065071.0
2066,M,29,1055819.0
2067,M,29,1046891.0
2068,M,29,1038444.0
2069,M,29,1030064.0
2070,M,29,1021392.0
2000,M,30,1343169.0
2001,M,30,1358924.0
2002,M,30,1378281.0
2003,M,30,1396905.0
2004,M,30,1417435.0
2005,M,30,1447348.0
2006,M,30,1488985.0
2007,M,30,1538048.0
2008,M,30,1589536.0
2009,M,30,1636007.0
2010,M,30,1669664.0
2011,M,30,1686585.0
2012,M,30,1693734.0
2013,M,30,1699508.0
2014,M,30,1704599.0
2015,M,30,1701416.0
2016,M,30,1688841.0
2017,M,30,1669428.0
2018,M,30,1644549.0
2019,M,30,1622384.0
2020,M,30,1609123.0
2021,M,30,1606464.0
2022,M,30,1610070.0
2023,M,30,1613394.0
2024,M,30,1614794.0
2025,M,30,1617033.0
2026,M,30,1619618.0
2027,M,30,1621642.0
2028,M,30,1624880.0
2029,M,30,1626333.0
2030,M,30,1615820.0
2031,M,30,1591187.0
2032,M,30,1567532.0
2033,M,30,1547743.0
2034,M,30,1533272.0
2035,M,30,1522323.0
2036,M,30,1511633.0
2037,M,30,1476143.0
2038,M,30,1465432.0
2039,M,30,1459261.0
2040,M,30,1437308.0
2041,M,30,1444932.0
2042,M,30,1454520.0
2043,M,30,1449040.0
2044,M,30,1464004.0
2045,M,30,1493922.0
2046,M,30,1462220.0
2047,M,30,1430890.0
2048,M,30,1451963.0
2049,M,30,1436043.0
2050,M,30,1381671.0
2051,M,30,1335884.0
2052,M,30,1291815.0
2053,M,30,1259368.0
2054,M,30,1239405.0
2055,M,30,1214659.0
2056,M,30,1193464.0
2057,M,30,1174510.0
2058,M,30,1157335.0
2059,M,30,1141968.0
2060,M,30,1128249.0
2061,M,30,1115537.0
2062,M,30,1103671.0
2063,M,30,1092630.0
2064,M,30,1082603.0
2065,M,30,1073282.0
2066,M,30,1064167.0
2067,M,30,1054955.0
2068,M,30,1046059.0
2069,M,30,1037645.0
2070,M,30,1029299.0
2000,M,31,1326381.0
2001,M,31,1338462.0
2002,M,31,1354245.0
2003,M,31,1373659.0
2004,M,31,1392377.0
2005,M,31,1412993.0
2006,M,31,1442942.0
2007,M,31,1484541.0
2008,M,31,1533513.0
2009,M,31,1584897.0
2010,M,31,1628588.0
2011,M,31,1659864.0
2012,M,31,1678590.0
2013,M,31,1687033.0
2014,M,31,1693141.0
2015,M,31,1697888.0
2016,M,31,1694145.0
2017,M,31,1681021.0
2018,M,31,1661091.0
2019,M,31,1637885.0
2020,M,31,1617375.0
2021,M,31,1603736.0
2022,M,31,1599618.0
2023,M,31,1602874.0
2024,M,31,1607397.0
2025,M,31,1609232.0
2026,M,31,1611904.0
2027,M,31,1614912.0
2028,M,31,1617365.0
2029,M,31,1621027.0
2030,M,31,1622910.0
2031,M,31,1612674.0
2032,M,31,1588134.0
2033,M,31,1564567.0
2034,M,31,1544853.0
2035,M,31,1530449.0
2036,M,31,1519556.0
2037,M,31,1508915.0
2038,M,31,1473521.0
2039,M,31,1462859.0
2040,M,31,1456727.0
2041,M,31,1434857.0
2042,M,31,1442535.0
2043,M,31,1452168.0
2044,M,31,1446758.0
2045,M,31,1461758.0
2046,M,31,1491684.0
2047,M,31,1460087.0
2048,M,31,1428860.0
2049,M,31,1449950.0
2050,M,31,1434100.0
2051,M,31,1379849.0
2052,M,31,1334170.0
2053,M,31,1290200.0
2054,M,31,1257837.0
2055,M,31,1237939.0
2056,M,31,1213261.0
2057,M,31,1192127.0
2058,M,31,1173233.0
2059,M,31,1156109.0
2060,M,31,1140794.0
2061,M,31,1127119.0
2062,M,31,1114456.0
2063,M,31,1102630.0
2064,M,31,1091630.0
2065,M,31,1081642.0
2066,M,31,1072361.0
2067,M,31,1063281.0
2068,M,31,1054104.0
2069,M,31,1045241.0
2070,M,31,1036859.0
2000,M,32,1311779.0
2001,M,32,1321602.0
2002,M,32,1333733.0
2003,M,32,1349592.0
2004,M,32,1369124.0
2005,M,32,1387947.0
2006,M,32,1408613.0
2007,M,32,1438547.0
2008,M,32,1480062.0
2009,M,32,1528931.0
2010,M,32,1577837.0
2011,M,32,1619397.0
2012,M,32,1652252.0
2013,M,32,1672124.0
2014,M,32,1680866.0
2015,M,32,1686675.0
2016,M,32,1690938.0
2017,M,32,1686726.0
2018,M,32,1673166.0
2019,M,32,1654750.0
2020,M,32,1632984.0
2021,M,32,1612029.0
2022,M,32,1597175.0
2023,M,32,1592844.0
2024,M,32,1597215.0
2025,M,32,1602115.0
2026,M,32,1604335.0
2027,M,32,1607384.0
2028,M,32,1610769.0
2029,M,32,1613600.0
2030,M,32,1617639.0
2031,M,32,1619743.0
2032,M,32,1609576.0
2033,M,32,1585129.0
2034,M,32,1561646.0
2035,M,32,1542008.0
2036,M,32,1527666.0
2037,M,32,1516825.0
2038,M,32,1506233.0
2039,M,32,1470930.0
2040,M,32,1460316.0
2041,M,32,1454245.0
2042,M,32,1432473.0
2043,M,32,1440200.0
2044,M,32,1449880.0
2045,M,32,1444535.0
2046,M,32,1459568.0
2047,M,32,1489508.0
2048,M,32,1458011.0
2049,M,32,1426881.0
2050,M,32,1447990.0
2051,M,32,1432214.0
2052,M,32,1378078.0
2053,M,32,1332499.0
2054,M,32,1288628.0
2055,M,32,1256351.0
2056,M,32,1236517.0
2057,M,32,1211903.0
2058,M,32,1190830.0
2059,M,32,1171991.0
2060,M,32,1154918.0
2061,M,32,1139655.0
2062,M,32,1126027.0
2063,M,32,1113406.0
2064,M,32,1101623.0
2065,M,32,1090661.0
2066,M,32,1080713.0
2067,M,32,1071468.0
2068,M,32,1062420.0
2069,M,32,1053277.0
2070,M,32,1044450.0
2000,M,33,1298836.0
2001,M,33,1306907.0
2002,M,33,1316793.0
2003,M,33,1329013.0
2004,M,33,1344998.0
2005,M,33,1364652.0
2006,M,33,1383544.0
2007,M,33,1404215.0
2008,M,33,1434082.0
2009,M,33,1475503.0
2010,M,33,1522196.0
2011,M,33,1569205.0
2012,M,33,1612150.0
2013,M,33,1646012.0
2014,M,33,1666148.0
2015,M,33,1674627.0
2016,M,33,1680008.0
2017,M,33,1683859.0
2018,M,33,1679286.0
2019,M,33,1667086.0
2020,M,33,1649906.0
2021,M,33,1627609.0
2022,M,33,1605648.0
2023,M,33,1590737.0
2024,M,33,1587487.0
2025,M,33,1592190.0
2026,M,33,1597421.0
2027,M,33,1599978.0
2028,M,33,1603362.0
2029,M,33,1607075.0
2030,M,33,1610240.0
2031,M,33,1614477.0
2032,M,33,1616627.0
2033,M,33,1606526.0
2034,M,33,1582167.0
2035,M,33,1558765.0
2036,M,33,1539200.0
2037,M,33,1524918.0
2038,M,33,1514129.0
2039,M,33,1503587.0
2040,M,33,1468375.0
2041,M,33,1457823.0
2042,M,33,1451824.0
2043,M,33,1430154.0
2044,M,33,1437929.0
2045,M,33,1447652.0
2046,M,33,1442373.0
2047,M,33,1457438.0
2048,M,33,1487390.0
2049,M,33,1455993.0
2050,M,33,1424954.0
2051,M,33,1446086.0
2052,M,33,1430375.0
2053,M,33,1376357.0
2054,M,33,1330877.0
2055,M,33,1287100.0
2056,M,33,1254907.0
2057,M,33,1235133.0
2058,M,33,1210581.0
2059,M,33,1189570.0
2060,M,33,1170787.0
2061,M,33,1153767.0
2062,M,33,1138551.0
2063,M,33,1124966.0
2064,M,33,1112392.0
2065,M,33,1100649.0
2066,M,33,1089724.0
2067,M,33,1079812.0
2068,M,33,1070602.0
2069,M,33,1061590.0
2070,M,33,1052481.0
2000,M,34,1284978.0
2001,M,34,1293861.0
2002,M,34,1301998.0
2003,M,34,1311967.0
2004,M,34,1324318.0
2005,M,34,1340434.0
2006,M,34,1360178.0
2007,M,34,1379094.0
2008,M,34,1399728.0
2009,M,34,1429514.0
2010,M,34,1469040.0
2011,M,34,1514080.0
2012,M,34,1562307.0
2013,M,34,1606134.0
2014,M,34,1640213.0
2015,M,34,1660116.0
2016,M,34,1668204.0
2017,M,34,1673219.0
2018,M,34,1676756.0
2019,M,34,1673412.0
2020,M,34,1662250.0
2021,M,34,1644424.0
2022,M,34,1621316.0
2023,M,34,1599438.0
2024,M,34,1585622.0
2025,M,34,1582690.0
2026,M,34,1587684.0
2027,M,34,1593202.0
2028,M,34,1596056.0
2029,M,34,1599735.0
2030,M,34,1603736.0
2031,M,34,1607083.0
2032,M,34,1611362.0
2033,M,34,1613555.0
2034,M,34,1603517.0
2035,M,34,1579244.0
2036,M,34,1555925.0
2037,M,34,1536429.0
2038,M,34,1522208.0
2039,M,34,1511469.0
2040,M,34,1500974.0
2041,M,34,1465866.0
2042,M,34,1455395.0
2043,M,34,1449467.0
2044,M,34,1427894.0
2045,M,34,1435715.0
2046,M,34,1445482.0
2047,M,34,1440268.0
2048,M,34,1455368.0
2049,M,34,1485331.0
2050,M,34,1454031.0
2051,M,34,1423082.0
2052,M,34,1444236.0
2053,M,34,1428591.0
2054,M,34,1374687.0
2055,M,34,1329302.0
2056,M,34,1285616.0
2057,M,34,1253505.0
2058,M,34,1233789.0
2059,M,34,1209299.0
2060,M,34,1188347.0
2061,M,34,1169616.0
2062,M,34,1152648.0
2063,M,34,1137479.0
2064,M,34,1123938.0
2065,M,34,1111407.0
2066,M,34,1099703.0
2067,M,34,1088818.0
2068,M,34,1078940.0
2069,M,34,1069765.0
2070,M,34,1060787.0
2000,M,35,1267016.0
2001,M,35,1279885.0
2002,M,35,1288829.0
2003,M,35,1297044.0
2004,M,35,1307135.0
2005,M,35,1319626.0
2006,M,35,1335852.0
2007,M,35,1355643.0
2008,M,35,1374548.0
2009,M,35,1395133.0
2010,M,35,1423284.0
2011,M,35,1461384.0
2012,M,35,1507497.0
2013,M,35,1556494.0
2014,M,35,1600497.0
2015,M,35,1634354.0
2016,M,35,1653894.0
2017,M,35,1661645.0
2018,M,35,1666394.0
2019,M,35,1671027.0
2020,M,35,1668549.0
2021,M,35,1656613.0
2022,M,35,1638136.0
2023,M,35,1615277.0
2024,M,35,1594226.0
2025,M,35,1580733.0
2026,M,35,1578086.0
2027,M,35,1583338.0
2028,M,35,1589113.0
2029,M,35,1592231.0
2030,M,35,1596170.0
2031,M,35,1600336.0
2032,M,35,1603730.0
2033,M,35,1608052.0
2034,M,35,1610295.0
2035,M,35,1600325.0
2036,M,35,1576143.0
2037,M,35,1552912.0
2038,M,35,1533493.0
2039,M,35,1519338.0
2040,M,35,1508652.0
2041,M,35,1498226.0
2042,M,35,1463246.0
2043,M,35,1452856.0
2044,M,35,1447002.0
2045,M,35,1425528.0
2046,M,35,1433399.0
2047,M,35,1443212.0
2048,M,35,1438066.0
2049,M,35,1453197.0
2050,M,35,1483172.0
2051,M,35,1451972.0
2052,M,35,1421122.0
2053,M,35,1442298.0
2054,M,35,1426720.0
2055,M,35,1372933.0
2056,M,35,1327649.0
2057,M,35,1284061.0
2058,M,35,1252030.0
2059,M,35,1232378.0
2060,M,35,1207955.0
2061,M,35,1187064.0
2062,M,35,1168389.0
2063,M,35,1151476.0
2064,M,35,1136354.0
2065,M,35,1122860.0
2066,M,35,1110372.0
2067,M,35,1098709.0
2068,M,35,1087862.0
2069,M,35,1078020.0
2070,M,35,1068885.0
2000,M,36,1243174.0
2001,M,36,1261797.0
2002,M,36,1274722.0
2003,M,36,1283732.0
2004,M,36,1292060.0
2005,M,36,1302293.0
2006,M,36,1314917.0
2007,M,36,1331223.0
2008,M,36,1351029.0
2009,M,36,1369906.0
2010,M,36,1389096.0
2011,M,36,1416014.0
2012,M,36,1455064.0
2013,M,36,1501848.0
2014,M,36,1550986.0
2015,M,36,1594776.0
2016,M,36,1628291.0
2017,M,36,1647514.0
2018,M,36,1655027.0
2019,M,36,1660765.0
2020,M,36,1666099.0
2021,M,36,1662735.0
2022,M,36,1650283.0
2023,M,36,1632217.0
2024,M,36,1609911.0
2025,M,36,1589185.0
2026,M,36,1575978.0
2027,M,36,1573589.0
2028,M,36,1579073.0
2029,M,36,1585074.0
2030,M,36,1588430.0
2031,M,36,1592520.0
2032,M,36,1596743.0
2033,M,36,1600189.0
2034,M,36,1604557.0
2035,M,36,1606852.0
2036,M,36,1596952.0
2037,M,36,1572867.0
2038,M,36,1549731.0
2039,M,36,1530398.0
2040,M,36,1516313.0
2041,M,36,1505704.0
2042,M,36,1495365.0
2043,M,36,1460517.0
2044,M,36,1450215.0
2045,M,36,1444434.0
2046,M,36,1423064.0
2047,M,36,1430982.0
2048,M,36,1440846.0
2049,M,36,1435765.0
2050,M,36,1450932.0
2051,M,36,1480917.0
2052,M,36,1449821.0
2053,M,36,1419074.0
2054,M,36,1440272.0
2055,M,36,1424765.0
2056,M,36,1371104.0
2057,M,36,1325921.0
2058,M,36,1282434.0
2059,M,36,1250491.0
2060,M,36,1230902.0
2061,M,36,1206551.0
2062,M,36,1185718.0
2063,M,36,1167103.0
2064,M,36,1150248.0
2065,M,36,1135174.0
2066,M,36,1121730.0
2067,M,36,1109288.0
2068,M,36,1097666.0
2069,M,36,1086859.0
2070,M,36,1077059.0
2000,M,37,1214623.0
2001,M,37,1237825.0
2002,M,37,1256498.0
2003,M,37,1269475.0
2004,M,37,1278586.0
2005,M,37,1287061.0
2006,M,37,1297434.0
2007,M,37,1310162.0
2008,M,37,1326501.0
2009,M,37,1346308.0
2010,M,37,1363987.0
2011,M,37,1382134.0
2012,M,37,1409887.0
2013,M,37,1449521.0
2014,M,37,1496422.0
2015,M,37,1545362.0
2016,M,37,1588835.0
2017,M,37,1622057.0
2018,M,37,1641068.0
2019,M,37,1649455.0
2020,M,37,1655751.0
2021,M,37,1660090.0
2022,M,37,1656308.0
2023,M,37,1644416.0
2024,M,37,1626941.0
2025,M,37,1604942.0
2026,M,37,1584505.0
2027,M,37,1571555.0
2028,M,37,1569394.0
2029,M,37,1575084.0
2030,M,37,1581283.0
2031,M,37,1584782.0
2032,M,37,1588928.0
2033,M,37,1593203.0
2034,M,37,1596697.0
2035,M,37,1601116.0
2036,M,37,1603457.0
2037,M,37,1593630.0
2038,M,37,1569643.0
2039,M,37,1546601.0
2040,M,37,1527347.0
2041,M,37,1513351.0
2042,M,37,1502829.0
2043,M,37,1492580.0
2044,M,37,1457859.0
2045,M,37,1447642.0
2046,M,37,1441935.0
2047,M,37,1420663.0
2048,M,37,1428630.0
2049,M,37,1438538.0
2050,M,37,1433527.0
2051,M,37,1448728.0
2052,M,37,1478726.0
2053,M,37,1447731.0
2054,M,37,1417082.0
2055,M,37,1438300.0
2056,M,37,1422863.0
2057,M,37,1369320.0
2058,M,37,1324243.0
2059,M,37,1280857.0
2060,M,37,1248994.0
2061,M,37,1229470.0
2062,M,37,1205189.0
2063,M,37,1184413.0
2064,M,37,1165857.0
2065,M,37,1149055.0
2066,M,37,1134031.0
2067,M,37,1120631.0
2068,M,37,1108233.0
2069,M,37,1096656.0
2070,M,37,1085888.0
2000,M,38,1186113.0
2001,M,38,1209147.0
2002,M,38,1232391.0
2003,M,38,1251108.0
2004,M,38,1264172.0
2005,M,38,1273416.0
2006,M,38,1282038.0
2007,M,38,1292516.0
2008,M,38,1305291.0
2009,M,38,1321645.0
2010,M,38,1340427.0
2011,M,38,1357220.0
2012,M,38,1376128.0
2013,M,38,1404402.0
2014,M,38,1444145.0
2015,M,38,1490870.0
2016,M,38,1539529.0
2017,M,38,1582730.0
2018,M,38,1615767.0
2019,M,38,1635548.0
2020,M,38,1644347.0
2021,M,38,1649540.0
2022,M,38,1653526.0
2023,M,38,1650437.0
2024,M,38,1639233.0
2025,M,38,1622022.0
2026,M,38,1600298.0
2027,M,38,1580120.0
2028,M,38,1567404.0
2029,M,38,1565442.0
2030,M,38,1571314.0
2031,M,38,1577633.0
2032,M,38,1581193.0
2033,M,38,1585396.0
2034,M,38,1589721.0
2035,M,38,1593264.0
2036,M,38,1597729.0
2037,M,38,1600120.0
2038,M,38,1590361.0
2039,M,38,1566473.0
2040,M,38,1543519.0
2041,M,38,1524363.0
2042,M,38,1510462.0
2043,M,38,1500030.0
2044,M,38,1489866.0
2045,M,38,1455271.0
2046,M,38,1445136.0
2047,M,38,1439502.0
2048,M,38,1418326.0
2049,M,38,1426342.0
2050,M,38,1436297.0
2051,M,38,1431349.0
2052,M,38,1446583.0
2053,M,38,1476596.0
2054,M,38,1445696.0
2055,M,38,1415144.0
2056,M,38,1436382.0
2057,M,38,1421017.0
2058,M,38,1367589.0
2059,M,38,1322609.0
2060,M,38,1279322.0
2061,M,38,1247541.0
2062,M,38,1228076.0
2063,M,38,1203864.0
2064,M,38,1183148.0
2065,M,38,1164646.0
2066,M,38,1147896.0
2067,M,38,1132921.0
2068,M,38,1119566.0
2069,M,38,1107212.0
2070,M,38,1095677.0
2000,M,39,1154978.0
2001,M,39,1180513.0
2002,M,39,1203577.0
2003,M,39,1226856.0
2004,M,39,1245645.0
2005,M,39,1258829.0
2006,M,39,1268214.0
2007,M,39,1276926.0
2008,M,39,1287442.0
2009,M,39,1300240.0
2010,M,39,1315727.0
2011,M,39,1333764.0
2012,M,39,1351250.0
2013,M,39,1370643.0
2014,M,39,1399034.0
2015,M,39,1438632.0
2016,M,39,1485121.0
2017,M,39,1533556.0
2018,M,39,1576584.0
2019,M,39,1610300.0
2020,M,39,1630340.0
2021,M,39,1637928.0
2022,M,39,1642822.0
2023,M,39,1647584.0
2024,M,39,1645345.0
2025,M,39,1634366.0
2026,M,39,1617397.0
2027,M,39,1595917.0
2028,M,39,1575975.0
2029,M,39,1563471.0
2030,M,39,1561690.0
2031,M,39,1567672.0
2032,M,39,1574046.0
2033,M,39,1577667.0
2034,M,39,1581923.0
2035,M,39,1586296.0
2036,M,39,1589889.0
2037,M,39,1594396.0
2038,M,39,1596839.0
2039,M,39,1587145.0
2040,M,39,1563353.0
2041,M,39,1540505.0
2042,M,39,1521455.0
2043,M,39,1507646.0
2044,M,39,1497303.0
2045,M,39,1487219.0
2046,M,39,1452748.0
2047,M,39,1442694.0
2048,M,39,1437131.0
2049,M,39,1416052.0
2050,M,39,1424117.0
2051,M,39,1434113.0
2052,M,39,1429231.0
2053,M,39,1444496.0
2054,M,39,1474523.0
2055,M,39,1443720.0
2056,M,39,1413257.0
2057,M,39,1434521.0
2058,M,39,1419220.0
2059,M,39,1365905.0
2060,M,39,1321026.0
2061,M,39,1277834.0
2062,M,39,1246128.0
2063,M,39,1226724.0
2064,M,39,1202577.0
2065,M,39,1181920.0
2066,M,39,1163475.0
2067,M,39,1146771.0
2068,M,39,1131845.0
2069,M,39,1118537.0
2070,M,39,1106223.0
2000,M,40,1122510.0
2001,M,40,1149246.0
2002,M,40,1174811.0
2003,M,40,1197898.0
2004,M,40,1221236.0
2005,M,40,1240119.0
2006,M,40,1253424.0
2007,M,40,1262887.0
2008,M,40,1271625.0
2009,M,40,1282166.0
2010,M,40,1294227.0
2011,M,40,1309094.0
2012,M,40,1327770.0
2013,M,40,1345721.0
2014,M,40,1365244.0
2015,M,40,1393533.0
2016,M,40,1432946.0
2017,M,40,1479249.0
2018,M,40,1527539.0
2019,M,40,1571137.0
2020,M,40,1604979.0
2021,M,40,1623695.0
2022,M,40,1631010.0
2023,M,40,1636753.0
2024,M,40,1641922.0
2025,M,40,1639882.0
2026,M,40,1629125.0
2027,M,40,1612393.0
2028,M,40,1591159.0
2029,M,40,1571449.0
2030,M,40,1559150.0
2031,M,40,1557506.0
2032,M,40,1563554.0
2033,M,40,1569988.0
2034,M,40,1573677.0
2035,M,40,1577993.0
2036,M,40,1582422.0
2037,M,40,1586073.0
2038,M,40,1590631.0
2039,M,40,1593133.0
2040,M,40,1583518.0
2041,M,40,1559849.0
2042,M,40,1537128.0
2043,M,40,1518201.0
2044,M,40,1504495.0
2045,M,40,1494248.0
2046,M,40,1484254.0
2047,M,40,1449922.0
2048,M,40,1439959.0
2049,M,40,1434469.0
2050,M,40,1413498.0
2051,M,40,1421616.0
2052,M,40,1431660.0
2053,M,40,1426848.0
2054,M,40,1442146.0
2055,M,40,1472184.0
2056,M,40,1441489.0
2057,M,40,1411132.0
2058,M,40,1432417.0
2059,M,40,1417190.0
2060,M,40,1364006.0
2061,M,40,1319236.0
2062,M,40,1276152.0
2063,M,40,1244530.0
2064,M,40,1225192.0
2065,M,40,1201117.0
2066,M,40,1180525.0
2067,M,40,1162140.0
2068,M,40,1145495.0
2069,M,40,1130621.0
2070,M,40,1117362.0
2000,M,41,1089543.0
2001,M,41,1116649.0
2002,M,41,1143404.0
2003,M,41,1168975.0
2004,M,41,1192103.0
2005,M,41,1215522.0
2006,M,41,1234503.0
2007,M,41,1247858.0
2008,M,41,1257341.0
2009,M,41,1266106.0
2010,M,41,1276015.0
2011,M,41,1287579.0
2012,M,41,1303035.0
2013,M,41,1322159.0
2014,M,41,1340264.0
2015,M,41,1359725.0
2016,M,41,1387868.0
2017,M,41,1427137.0
2018,M,41,1473306.0
2019,M,41,1522087.0
2020,M,41,1565677.0
2021,M,41,1598081.0
2022,M,41,1616565.0
2023,M,41,1624777.0
2024,M,41,1630526.0
2025,M,41,1635864.0
2026,M,41,1634020.0
2027,M,41,1623481.0
2028,M,41,1606987.0
2029,M,41,1586000.0
2030,M,41,1566522.0
2031,M,41,1554398.0
2032,M,41,1552855.0
2033,M,41,1558972.0
2034,M,41,1565473.0
2035,M,41,1569236.0
2036,M,41,1573623.0
2037,M,41,1578116.0
2038,M,41,1581830.0
2039,M,41,1586445.0
2040,M,41,1589015.0
2041,M,41,1579503.0
2042,M,41,1555985.0
2043,M,41,1533402.0
2044,M,41,1514607.0
2045,M,41,1501016.0
2046,M,41,1490873.0
2047,M,41,1480983.0
2048,M,41,1446799.0
2049,M,41,1436932.0
2050,M,41,1431528.0
2051,M,41,1410671.0
2052,M,41,1418846.0
2053,M,41,1428937.0
2054,M,41,1424205.0
2055,M,41,1439542.0
2056,M,41,1469590.0
2057,M,41,1439015.0
2058,M,41,1408770.0
2059,M,41,1430080.0
2060,M,41,1414937.0
2061,M,41,1361893.0
2062,M,41,1317244.0
2063,M,41,1274275.0
2064,M,41,1242752.0
2065,M,41,1223485.0
2066,M,41,1199490.0
2067,M,41,1178971.0
2068,M,41,1160652.0
2069,M,41,1144068.0
2070,M,41,1129252.0
2000,M,42,1055530.0
2001,M,42,1083541.0
2002,M,42,1110655.0
2003,M,42,1137408.0
2004,M,42,1162998.0
2005,M,42,1186190.0
2006,M,42,1209690.0
2007,M,42,1228711.0
2008,M,42,1242069.0
2009,M,42,1251574.0
2010,M,42,1259801.0
2011,M,42,1269300.0
2012,M,42,1281417.0
2013,M,42,1297306.0
2014,M,42,1316593.0
2015,M,42,1334665.0
2016,M,42,1354025.0
2017,M,42,1382056.0
2018,M,42,1421228.0
2019,M,42,1467816.0
2020,M,42,1516469.0
2021,M,42,1558523.0
2022,M,42,1590721.0
2023,M,42,1610176.0
2024,M,42,1618660.0
2025,M,42,1624565.0
2026,M,42,1630058.0
2027,M,42,1628391.0
2028,M,42,1618053.0
2029,M,42,1601781.0
2030,M,42,1581023.0
2031,M,42,1561732.0
2032,M,42,1549743.0
2033,M,42,1548295.0
2034,M,42,1554479.0
2035,M,42,1561049.0
2036,M,42,1564884.0
2037,M,42,1569337.0
2038,M,42,1573896.0
2039,M,42,1577670.0
2040,M,42,1582344.0
2041,M,42,1584990.0
2042,M,42,1575589.0
2043,M,42,1552220.0
2044,M,42,1529775.0
2045,M,42,1511103.0
2046,M,42,1497627.0
2047,M,42,1487583.0
2048,M,42,1477791.0
2049,M,42,1443758.0
2050,M,42,1433985.0
2051,M,42,1428664.0
2052,M,42,1407918.0
2053,M,42,1416148.0
2054,M,42,1426287.0
2055,M,42,1421631.0
2056,M,42,1437007.0
2057,M,42,1467066.0
2058,M,42,1436607.0
2059,M,42,1406474.0
2060,M,42,1427808.0
2061,M,42,1412742.0
2062,M,42,1359838.0
2063,M,42,1315307.0
2064,M,42,1272454.0
2065,M,42,1241020.0
2066,M,42,1221829.0
2067,M,42,1197912.0
2068,M,42,1177461.0
2069,M,42,1159206.0
2070,M,42,1142686.0
2000,M,43,1020693.0
2001,M,43,1049378.0
2002,M,43,1077382.0
2003,M,43,1104481.0
2004,M,43,1131240.0
2005,M,43,1156878.0
2006,M,43,1180138.0
2007,M,43,1203675.0
2008,M,43,1222687.0
2009,M,43,1236059.0
2010,M,43,1245094.0
2011,M,43,1252976.0
2012,M,43,1262982.0
2013,M,43,1275506.0
2014,M,43,1291572.0
2015,M,43,1310848.0
2016,M,43,1328860.0
2017,M,43,1348146.0
2018,M,43,1376109.0
2019,M,43,1415665.0
2020,M,43,1462040.0
2021,M,43,1509060.0
2022,M,43,1550967.0
2023,M,43,1584207.0
2024,M,43,1604167.0
2025,M,43,1612783.0
2026,M,43,1618830.0
2027,M,43,1624465.0
2028,M,43,1622960.0
2029,M,43,1612812.0
2030,M,43,1596745.0
2031,M,43,1576182.0
2032,M,43,1557044.0
2033,M,43,1545184.0
2034,M,43,1543826.0
2035,M,43,1550078.0
2036,M,43,1556712.0
2037,M,43,1560619.0
2038,M,43,1565135.0
2039,M,43,1569756.0
2040,M,43,1573592.0
2041,M,43,1578333.0
2042,M,43,1581061.0
2043,M,43,1571777.0
2044,M,43,1548548.0
2045,M,43,1526237.0
2046,M,43,1507687.0
2047,M,43,1494326.0
2048,M,43,1484382.0
2049,M,43,1474685.0
2050,M,43,1440796.0
2051,M,43,1431115.0
2052,M,43,1425877.0
2053,M,43,1405239.0
2054,M,43,1413517.0
2055,M,43,1423708.0
2056,M,43,1419127.0
2057,M,43,1434539.0
2058,M,43,1464610.0
2059,M,43,1434262.0
2060,M,43,1404239.0
2061,M,43,1425595.0
2062,M,43,1410608.0
2063,M,43,1357840.0
2064,M,43,1313427.0
2065,M,43,1270683.0
2066,M,43,1239340.0
2067,M,43,1220218.0
2068,M,43,1196375.0
2069,M,43,1175992.0
2070,M,43,1157804.0
2000,M,44,985129.0
2001,M,44,1014393.0
2002,M,44,1043049.0
2003,M,44,1071020.0
2004,M,44,1098113.0
2005,M,44,1124910.0
2006,M,44,1150610.0
2007,M,44,1173904.0
2008,M,44,1197426.0
2009,M,44,1216441.0
2010,M,44,1229396.0
2011,M,44,1238124.0
2012,M,44,1246451.0
2013,M,44,1256833.0
2014,M,44,1269545.0
2015,M,44,1285617.0
2016,M,44,1304867.0
2017,M,44,1322843.0
2018,M,44,1342101.0
2019,M,44,1370436.0
2020,M,44,1409720.0
2021,M,44,1454379.0
2022,M,44,1501331.0
2023,M,44,1544367.0
2024,M,44,1578336.0
2025,M,44,1598378.0
2026,M,44,1607118.0
2027,M,44,1613294.0
2028,M,44,1619059.0
2029,M,44,1617707.0
2030,M,44,1607739.0
2031,M,44,1591845.0
2032,M,44,1571443.0
2033,M,44,1552458.0
2034,M,44,1540719.0
2035,M,44,1539450.0
2036,M,44,1545769.0
2037,M,44,1552464.0
2038,M,44,1556440.0
2039,M,44,1561018.0
2040,M,44,1565700.0
2041,M,44,1569605.0
2042,M,44,1574425.0
2043,M,44,1577236.0
2044,M,44,1568059.0
2045,M,44,1544970.0
2046,M,44,1522792.0
2047,M,44,1504361.0
2048,M,44,1491107.0
2049,M,44,1481260.0
2050,M,44,1471660.0
2051,M,44,1437911.0
2052,M,44,1428321.0
2053,M,44,1423162.0
2054,M,44,1402629.0
2055,M,44,1410959.0
2056,M,44,1421201.0
2057,M,44,1416690.0
2058,M,44,1432140.0
2059,M,44,1462224.0
2060,M,44,1431983.0
2061,M,44,1402065.0
2062,M,44,1423445.0
2063,M,44,1408538.0
2064,M,44,1355899.0
2065,M,44,1311596.0
2066,M,44,1268961.0
2067,M,44,1237708.0
2068,M,44,1218654.0
2069,M,44,1194886.0
2070,M,44,1174568.0
2000,M,45,948733.0
2001,M,45,978671.0
2002,M,45,1007882.0
2003,M,45,1036494.0
2004,M,45,1064440.0
2005,M,45,1091567.0
2006,M,45,1118416.0
2007,M,45,1144159.0
2008,M,45,1167438.0
2009,M,45,1190946.0
2010,M,45,1209579.0
2011,M,45,1222260.0
2012,M,45,1231365.0
2013,M,45,1240026.0
2014,M,45,1250597.0
2015,M,45,1263349.0
2016,M,45,1279413.0
2017,M,45,1298670.0
2018,M,45,1316667.0
2019,M,45,1336292.0
2020,M,45,1364314.0
2021,M,45,1401809.0
2022,M,45,1446457.0
2023,M,45,1494657.0
2024,M,45,1537738.0
2025,M,45,1571724.0
2026,M,45,1591840.0
2027,M,45,1600702.0
2028,M,45,1607014.0
2029,M,45,1612910.0
2030,M,45,1611719.0
2031,M,45,1601925.0
2032,M,45,1586199.0
2033,M,45,1565976.0
2034,M,45,1547163.0
2035,M,45,1535564.0
2036,M,45,1534396.0
2037,M,45,1540788.0
2038,M,45,1547558.0
2039,M,45,1551609.0
2040,M,45,1556257.0
2041,M,45,1561018.0
2042,M,45,1565015.0
2043,M,45,1569920.0
2044,M,45,1572823.0
2045,M,45,1563768.0
2046,M,45,1540833.0
2047,M,45,1518808.0
2048,M,45,1500510.0
2049,M,45,1487376.0
2050,M,45,1477640.0
2051,M,45,1468143.0
2052,M,45,1434556.0
2053,M,45,1425065.0
2054,M,45,1419996.0
2055,M,45,1399585.0
2056,M,45,1407967.0
2057,M,45,1418259.0
2058,M,45,1413833.0
2059,M,45,1429321.0
2060,M,45,1459418.0
2061,M,45,1429301.0
2062,M,45,1399503.0
2063,M,45,1420904.0
2064,M,45,1406085.0
2065,M,45,1353598.0
2066,M,45,1309422.0
2067,M,45,1266913.0
2068,M,45,1235762.0
2069,M,45,1216788.0
2070,M,45,1193103.0
2000,M,46,911911.0
2001,M,46,942125.0
2002,M,46,971983.0
2003,M,46,1001130.0
2004,M,46,1029709.0
2005,M,46,1057680.0
2006,M,46,1084855.0
2007,M,46,1111738.0
2008,M,46,1137466.0
2009,M,46,1160720.0
2010,M,46,1183877.0
2011,M,46,1202245.0
2012,M,46,1215245.0
2013,M,46,1224653.0
2014,M,46,1233489.0
2015,M,46,1244107.0
2016,M,46,1256891.0
2017,M,46,1272996.0
2018,M,46,1292332.0
2019,M,46,1310692.0
2020,M,46,1329962.0
2021,M,46,1356124.0
2022,M,46,1393669.0
2023,M,46,1439679.0
2024,M,46,1487338.0
2025,M,46,1530371.0
2026,M,46,1564362.0
2027,M,46,1584551.0
2028,M,46,1593544.0
2029,M,46,1599992.0
2030,M,46,1606027.0
2031,M,46,1604985.0
2032,M,46,1595363.0
2033,M,46,1579824.0
2034,M,46,1559806.0
2035,M,46,1541183.0
2036,M,46,1529738.0
2037,M,46,1528682.0
2038,M,46,1535154.0
2039,M,46,1542003.0
2040,M,46,1546139.0
2041,M,46,1550875.0
2042,M,46,1555736.0
2043,M,46,1559831.0
2044,M,46,1564829.0
2045,M,46,1567832.0
2046,M,46,1558911.0
2047,M,46,1536150.0
2048,M,46,1514296.0
2049,M,46,1496146.0
2050,M,46,1483145.0
2051,M,46,1473531.0
2052,M,46,1464151.0
2053,M,46,1430744.0
2054,M,46,1421362.0
2055,M,46,1416390.0
2056,M,46,1396112.0
2057,M,46,1404552.0
2058,M,46,1414897.0
2059,M,46,1410562.0
2060,M,46,1426093.0
2061,M,46,1456197.0
2062,M,46,1426221.0
2063,M,46,1396559.0
2064,M,46,1417983.0
2065,M,46,1403260.0
2066,M,46,1350944.0
2067,M,46,1306916.0
2068,M,46,1264547.0
2069,M,46,1233512.0
2070,M,46,1214624.0
2000,M,47,875570.0
2001,M,47,905146.0
2002,M,47,935264.0
2003,M,47,965041.0
2004,M,47,994141.0
2005,M,47,1022728.0
2006,M,47,1050740.0
2007,M,47,1077941.0
2008,M,47,1104805.0
2009,M,47,1130490.0
2010,M,47,1153423.0
2011,M,47,1176328.0
2012,M,47,1194965.0
2013,M,47,1208231.0
2014,M,47,1217813.0
2015,M,47,1226698.0
2016,M,47,1237354.0
2017,M,47,1250213.0
2018,M,47,1266420.0
2019,M,47,1286128.0
2020,M,47,1304093.0
2021,M,47,1321440.0
2022,M,47,1347719.0
2023,M,47,1386720.0
2024,M,47,1432655.0
2025,M,47,1480238.0
2026,M,47,1523223.0
2027,M,47,1557215.0
2028,M,47,1577473.0
2029,M,47,1586582.0
2030,M,47,1593161.0
2031,M,47,1599314.0
2032,M,47,1598406.0
2033,M,47,1588946.0
2034,M,47,1573592.0
2035,M,47,1553771.0
2036,M,47,1535334.0
2037,M,47,1524038.0
2038,M,47,1523090.0
2039,M,47,1529645.0
2040,M,47,1536568.0
2041,M,47,1540796.0
2042,M,47,1545628.0
2043,M,47,1550584.0
2044,M,47,1554779.0
2045,M,47,1559865.0
2046,M,47,1562963.0
2047,M,47,1554177.0
2048,M,47,1531587.0
2049,M,47,1509894.0
2050,M,47,1491892.0
2051,M,47,1479020.0
2052,M,47,1469521.0
2053,M,47,1460258.0
2054,M,47,1427022.0
2055,M,47,1417750.0
2056,M,47,1412872.0
2057,M,47,1392721.0
2058,M,47,1401223.0
2059,M,47,1411622.0
2060,M,47,1407373.0
2061,M,47,1422950.0
2062,M,47,1453057.0
2063,M,47,1423220.0
2064,M,47,1393692.0
2065,M,47,1415134.0
2066,M,47,1400509.0
2067,M,47,1348358.0
2068,M,47,1304475.0
2069,M,47,1262240.0
2070,M,47,1231317.0
2000,M,48,840012.0
2001,M,48,868652.0
2002,M,48,898126.0
2003,M,48,928141.0
2004,M,48,957859.0
2005,M,48,986941.0
2006,M,48,1015557.0
2007,M,48,1043576.0
2008,M,48,1070747.0
2009,M,48,1097546.0
2010,M,48,1122933.0
2011,M,48,1145640.0
2012,M,48,1168763.0
2013,M,48,1187636.0
2014,M,48,1201048.0
2015,M,48,1210682.0
2016,M,48,1219615.0
2017,M,48,1230349.0
2018,M,48,1243329.0
2019,M,48,1259886.0
2020,M,48,1279162.0
2021,M,48,1295164.0
2022,M,48,1312694.0
2023,M,48,1340549.0
2024,M,48,1379981.0
2025,M,48,1425833.0
2026,M,48,1473343.0
2027,M,48,1516276.0
2028,M,48,1550263.0
2029,M,48,1570584.0
2030,M,48,1579805.0
2031,M,48,1586497.0
2032,M,48,1592751.0
2033,M,48,1591974.0
2034,M,48,1582675.0
2035,M,48,1567498.0
2036,M,48,1547869.0
2037,M,48,1529611.0
2038,M,48,1518462.0
2039,M,48,1517621.0
2040,M,48,1524251.0
2041,M,48,1531257.0
2042,M,48,1535584.0
2043,M,48,1540511.0
2044,M,48,1545560.0
2045,M,48,1549848.0
2046,M,48,1555024.0
2047,M,48,1558216.0
2048,M,48,1549558.0
2049,M,48,1527135.0
2050,M,48,1505600.0
2051,M,48,1487744.0
2052,M,48,1474996.0
2053,M,48,1465613.0
2054,M,48,1456461.0
2055,M,48,1423397.0
2056,M,48,1414228.0
2057,M,48,1409445.0
2058,M,48,1389420.0
2059,M,48,1397980.0
2060,M,48,1408431.0
2061,M,48,1404268.0
2062,M,48,1419884.0
2063,M,48,1449997.0
2064,M,48,1420295.0
2065,M,48,1390897.0
2066,M,48,1412358.0
2067,M,48,1397828.0
2068,M,48,1345841.0
2069,M,48,1302098.0
2070,M,48,1259996.0
2000,M,49,805215.0
2001,M,49,832946.0
2002,M,49,861470.0
2003,M,49,890842.0
2004,M,49,920768.0
2005,M,49,950444.0
2006,M,49,979536.0
2007,M,49,1008126.0
2008,M,49,1036094.0
2009,M,49,1063181.0
2010,M,49,1089705.0
2011,M,49,1114891.0
2012,M,49,1137787.0
2013,M,49,1161127.0
2014,M,49,1180115.0
2015,M,49,1193559.0
2016,M,49,1203227.0
2017,M,49,1212234.0
2018,M,49,1223080.0
2019,M,49,1236383.0
2020,M,49,1252455.0
2021,M,49,1269730.0
2022,M,49,1286016.0
2023,M,49,1305219.0
2024,M,49,1334048.0
2025,M,49,1373424.0
2026,M,49,1419200.0
2027,M,49,1466632.0
2028,M,49,1509515.0
2029,M,49,1543494.0
2030,M,49,1563875.0
2031,M,49,1573192.0
2032,M,49,1579985.0
2033,M,49,1586339.0
2034,M,49,1585689.0
2035,M,49,1576546.0
2036,M,49,1561541.0
2037,M,49,1542100.0
2038,M,49,1524013.0
2039,M,49,1513006.0
2040,M,49,1512272.0
2041,M,49,1518982.0
2042,M,49,1526078.0
2043,M,49,1530501.0
2044,M,49,1535520.0
2045,M,49,1540659.0
2046,M,49,1545040.0
2047,M,49,1550299.0
2048,M,49,1553586.0
2049,M,49,1545054.0
2050,M,49,1522791.0
2051,M,49,1501413.0
2052,M,49,1483698.0
2053,M,49,1471071.0
2054,M,49,1461800.0
2055,M,49,1452760.0
2056,M,49,1419861.0
2057,M,49,1410796.0
2058,M,49,1406101.0
2059,M,49,1386201.0
2060,M,49,1394821.0
2061,M,49,1405320.0
2062,M,49,1401239.0
2063,M,49,1416896.0
2064,M,49,1447016.0
2065,M,49,1417444.0
2066,M,49,1388170.0
2067,M,49,1409656.0
2068,M,49,1395216.0
2069,M,49,1343391.0
2070,M,49,1299785.0
2000,M,50,771056.0
2001,M,50,797993.0
2002,M,50,825612.0
2003,M,50,854016.0
2004,M,50,883300.0
2005,M,50,913148.0
2006,M,50,942804.0
2007,M,50,971841.0
2008,M,50,1000344.0
2009,M,50,1028211.0
2010,M,50,1055043.0
2011,M,50,1081396.0
2012,M,50,1106752.0
2013,M,50,1129818.0
2014,M,50,1153255.0
2015,M,50,1172237.0
2016,M,50,1185704.0
2017,M,50,1195431.0
2018,M,50,1204528.0
2019,M,50,1215659.0
2020,M,50,1228426.0
2021,M,50,1242487.0
2022,M,50,1260127.0
2023,M,50,1278202.0
2024,M,50,1297505.0
2025,M,50,1326323.0
2026,M,50,1365626.0
2027,M,50,1411303.0
2028,M,50,1458631.0
2029,M,50,1501447.0
2030,M,50,1535411.0
2031,M,50,1555847.0
2032,M,50,1565268.0
2033,M,50,1572179.0
2034,M,50,1578647.0
2035,M,50,1578144.0
2036,M,50,1569184.0
2037,M,50,1554388.0
2038,M,50,1535165.0
2039,M,50,1517285.0
2040,M,50,1506449.0
2041,M,50,1505843.0
2042,M,50,1512656.0
2043,M,50,1519855.0
2044,M,50,1524389.0
2045,M,50,1529513.0
2046,M,50,1534756.0
2047,M,50,1539243.0
2048,M,50,1544604.0
2049,M,50,1547998.0
2050,M,50,1539613.0
2051,M,50,1517540.0
2052,M,50,1496344.0
2053,M,50,1478796.0
2054,M,50,1466312.0
2055,M,50,1457175.0
2056,M,50,1448260.0
2057,M,50,1415561.0
2058,M,50,1406617.0
2059,M,50,1402026.0
2060,M,50,1382273.0
2061,M,50,1390955.0
2062,M,50,1401512.0
2063,M,50,1397526.0
2064,M,50,1413224.0
2065,M,50,1443351.0
2066,M,50,1413933.0
2067,M,50,1384808.0
2068,M,50,1406317.0
2069,M,50,1391987.0
2070,M,50,1340356.0
2000,M,51,737079.0
2001,M,51,763675.0
2002,M,51,790494.0
2003,M,51,817995.0
2004,M,51,846288.0
2005,M,51,875478.0
2006,M,51,905278.0
2007,M,51,934854.0
2008,M,51,963765.0
2009,M,51,992144.0
2010,M,51,1019766.0
2011,M,51,1046460.0
2012,M,51,1072956.0
2013,M,51,1098461.0
2014,M,51,1121583.0
2015,M,51,1144996.0
2016,M,51,1163962.0
2017,M,51,1177471.0
2018,M,51,1187281.0
2019,M,51,1196621.0
2020,M,51,1207158.0
2021,M,51,1217882.0
2022,M,51,1232421.0
2023,M,51,1251945.0
2024,M,51,1269266.0
2025,M,51,1288609.0
2026,M,51,1317401.0
2027,M,51,1356617.0
2028,M,51,1402169.0
2029,M,51,1449376.0
2030,M,51,1492102.0
2031,M,51,1526039.0
2032,M,51,1546529.0
2033,M,51,1556067.0
2034,M,51,1563111.0
2035,M,51,1569709.0
2036,M,51,1569377.0
2037,M,51,1560625.0
2038,M,51,1546067.0
2039,M,51,1527093.0
2040,M,51,1509457.0
2041,M,51,1498825.0
2042,M,51,1498374.0
2043,M,51,1505301.0
2044,M,51,1512612.0
2045,M,51,1517269.0
2046,M,51,1522516.0
2047,M,51,1527874.0
2048,M,51,1532481.0
2049,M,51,1537959.0
2050,M,51,1541473.0
2051,M,51,1533258.0
2052,M,51,1511399.0
2053,M,51,1490416.0
2054,M,51,1473054.0
2055,M,51,1460741.0
2056,M,51,1451752.0
2057,M,51,1442982.0
2058,M,51,1410514.0
2059,M,51,1401705.0
2060,M,51,1397233.0
2061,M,51,1377649.0
2062,M,51,1386399.0
2063,M,51,1397019.0
2064,M,51,1393144.0
2065,M,51,1408888.0
2066,M,51,1439017.0
2067,M,51,1409778.0
2068,M,51,1380826.0
2069,M,51,1402357.0
2070,M,51,1388156.0
2000,M,52,702832.0
2001,M,52,729548.0
2002,M,52,756023.0
2003,M,52,782718.0
2004,M,52,810098.0
2005,M,52,838272.0
2006,M,52,867394.0
2007,M,52,897090.0
2008,M,52,926510.0
2009,M,52,955273.0
2010,M,52,983414.0
2011,M,52,1010904.0
2012,M,52,1037720.0
2013,M,52,1064335.0
2014,M,52,1089864.0
2015,M,52,1112927.0
2016,M,52,1136317.0
2017,M,52,1155296.0
2018,M,52,1168873.0
2019,M,52,1178888.0
2020,M,52,1187571.0
2021,M,52,1195998.0
2022,M,52,1207298.0
2023,M,52,1223833.0
2024,M,52,1243204.0
2025,M,52,1260567.0
2026,M,52,1279949.0
2027,M,52,1308713.0
2028,M,52,1347842.0
2029,M,52,1393269.0
2030,M,52,1440355.0
2031,M,52,1482991.0
2032,M,52,1516896.0
2033,M,52,1537436.0
2034,M,52,1547087.0
2035,M,52,1554259.0
2036,M,52,1560982.0
2037,M,52,1560815.0
2038,M,52,1552268.0
2039,M,52,1537939.0
2040,M,52,1519210.0
2041,M,52,1501817.0
2042,M,52,1491390.0
2043,M,52,1491088.0
2044,M,52,1498129.0
2045,M,52,1505550.0
2046,M,52,1510328.0
2047,M,52,1515691.0
2048,M,52,1521164.0
2049,M,52,1525887.0
2050,M,52,1531474.0
2051,M,52,1535105.0
2052,M,52,1527054.0
2053,M,52,1505411.0
2054,M,52,1484632.0
2055,M,52,1467457.0
2056,M,52,1455305.0
2057,M,52,1446462.0
2058,M,52,1437835.0
2059,M,52,1405589.0
2060,M,52,1396913.0
2061,M,52,1392559.0
2062,M,52,1373139.0
2063,M,52,1381955.0
2064,M,52,1392636.0
2065,M,52,1388866.0
2066,M,52,1404659.0
2067,M,52,1434783.0
2068,M,52,1405725.0
2069,M,52,1376941.0
2070,M,52,1398495.0
2000,M,53,668214.0
2001,M,53,695179.0
2002,M,53,721767.0
2003,M,53,748114.0
2004,M,53,774672.0
2005,M,53,801916.0
2006,M,53,829994.0
2007,M,53,858998.0
2008,M,53,888516.0
2009,M,53,917766.0
2010,M,53,946291.0
2011,M,53,974288.0
2012,M,53,1001865.0
2013,M,53,1028764.0
2014,M,53,1055385.0
2015,M,53,1080821.0
2016,M,53,1103843.0
2017,M,53,1127233.0
2018,M,53,1146265.0
2019,M,53,1160012.0
2020,M,53,1169285.0
2021,M,53,1175732.0
2022,M,53,1184803.0
2023,M,53,1198226.0
2024,M,53,1215296.0
2025,M,53,1234692.0
2026,M,53,1252098.0
2027,M,53,1271511.0
2028,M,53,1300248.0
2029,M,53,1339287.0
2030,M,53,1384592.0
2031,M,53,1431552.0
2032,M,53,1474101.0
2033,M,53,1507971.0
2034,M,53,1528556.0
2035,M,53,1538321.0
2036,M,53,1545617.0
2037,M,53,1552462.0
2038,M,53,1552453.0
2039,M,53,1544107.0
2040,M,53,1529998.0
2041,M,53,1511517.0
2042,M,53,1494363.0
2043,M,53,1484140.0
2044,M,53,1483982.0
2045,M,53,1491134.0
2046,M,53,1498662.0
2047,M,53,1503559.0
2048,M,53,1509032.0
2049,M,53,1514619.0
2050,M,53,1519454.0
2051,M,53,1525152.0
2052,M,53,1528895.0
2053,M,53,1521005.0
2054,M,53,1499571.0
2055,M,53,1478991.0
2056,M,53,1461996.0
2057,M,53,1450000.0
2058,M,53,1441300.0
2059,M,53,1432812.0
2060,M,53,1400783.0
2061,M,53,1392238.0
2062,M,53,1387997.0
2063,M,53,1368740.0
2064,M,53,1377619.0
2065,M,53,1388360.0
2066,M,53,1384693.0
2067,M,53,1400531.0
2068,M,53,1430656.0
2069,M,53,1401769.0
2070,M,53,1373152.0
2000,M,54,633985.0
2001,M,54,660459.0
2002,M,54,687293.0
2003,M,54,713738.0
2004,M,54,739934.0
2005,M,54,766350.0
2006,M,54,793473.0
2007,M,54,821424.0
2008,M,54,850240.0
2009,M,54,879562.0
2010,M,54,908558.0
2011,M,54,936931.0
2012,M,54,964964.0
2013,M,54,992577.0
2014,M,54,1019451.0
2015,M,54,1045969.0
2016,M,54,1071349.0
2017,M,54,1094359.0
2018,M,54,1117787.0
2019,M,54,1136956.0
2020,M,54,1149874.0
2021,M,54,1156730.0
2022,M,54,1163826.0
2023,M,54,1175164.0
2024,M,54,1189869.0
2025,M,54,1206975.0
2026,M,54,1226397.0
2027,M,54,1243842.0
2028,M,54,1263281.0
2029,M,54,1291992.0
2030,M,54,1330945.0
2031,M,54,1376128.0
2032,M,54,1422965.0
2033,M,54,1465423.0
2034,M,54,1499260.0
2035,M,54,1519893.0
2036,M,54,1529763.0
2037,M,54,1537179.0
2038,M,54,1544143.0
2039,M,54,1544290.0
2040,M,54,1536136.0
2041,M,54,1522250.0
2042,M,54,1504012.0
2043,M,54,1487095.0
2044,M,54,1477071.0
2045,M,54,1477050.0
2046,M,54,1484311.0
2047,M,54,1491943.0
2048,M,54,1496953.0
2049,M,54,1502538.0
2050,M,54,1508233.0
2051,M,54,1513181.0
2052,M,54,1518983.0
2053,M,54,1522838.0
2054,M,54,1515103.0
2055,M,54,1493873.0
2056,M,54,1473487.0
2057,M,54,1456666.0
2058,M,54,1444825.0
2059,M,54,1436264.0
2060,M,54,1427911.0
2061,M,54,1396095.0
2062,M,54,1387675.0
2063,M,54,1383549.0
2064,M,54,1364445.0
2065,M,54,1373389.0
2066,M,54,1384191.0
2067,M,54,1380623.0
2068,M,54,1396503.0
2069,M,54,1426626.0
2070,M,54,1397908.0
2000,M,55,600152.0
2001,M,55,626142.0
2002,M,55,652486.0
2003,M,55,679155.0
2004,M,55,705436.0
2005,M,55,731475.0
2006,M,55,757756.0
2007,M,55,784744.0
2008,M,55,812496.0
2009,M,55,841103.0
2010,M,55,870153.0
2011,M,55,898971.0
2012,M,55,927338.0
2013,M,55,955354.0
2014,M,55,982912.0
2015,M,55,1009658.0
2016,M,55,1036116.0
2017,M,55,1061478.0
2018,M,55,1084521.0
2019,M,55,1108038.0
2020,M,55,1126276.0
2021,M,55,1136580.0
2022,M,55,1144064.0
2023,M,55,1153567.0
2024,M,55,1165106.0
2025,M,55,1179867.0
2026,M,55,1197013.0
2027,M,55,1216455.0
2028,M,55,1233940.0
2029,M,55,1253409.0
2030,M,55,1282074.0
2031,M,55,1320915.0
2032,M,55,1365944.0
2033,M,55,1412624.0
2034,M,55,1454966.0
2035,M,55,1488751.0
2036,M,55,1509433.0
2037,M,55,1519422.0
2038,M,55,1526975.0
2039,M,55,1534077.0
2040,M,55,1534403.0
2041,M,55,1526482.0
2042,M,55,1512867.0
2043,M,55,1494912.0
2044,M,55,1478272.0
2045,M,55,1468473.0
2046,M,55,1468615.0
2047,M,55,1475995.0
2048,M,55,1483743.0
2049,M,55,1488884.0
2050,M,55,1494594.0
2051,M,55,1500413.0
2052,M,55,1505486.0
2053,M,55,1511404.0
2054,M,55,1515386.0
2055,M,55,1507832.0
2056,M,55,1486843.0
2057,M,55,1466686.0
2058,M,55,1450072.0
2059,M,55,1438412.0
2060,M,55,1430012.0
2061,M,55,1421821.0
2062,M,55,1390257.0
2063,M,55,1381984.0
2064,M,55,1377986.0
2065,M,55,1359066.0
2066,M,55,1368077.0
2067,M,55,1378943.0
2068,M,55,1375493.0
2069,M,55,1391414.0
2070,M,55,1421530.0
2000,M,56,568408.0
2001,M,56,592211.0
2002,M,56,618070.0
2003,M,56,644237.0
2004,M,56,670725.0
2005,M,56,696844.0
2006,M,56,722731.0
2007,M,56,748859.0
2008,M,56,775649.0
2009,M,56,803173.0
2010,M,56,831495.0
2011,M,56,860338.0
2012,M,56,889107.0
2013,M,56,917410.0
2014,M,56,945349.0
2015,M,56,972752.0
2016,M,56,999414.0
2017,M,56,1025852.0
2018,M,56,1051228.0
2019,M,56,1074339.0
2020,M,56,1096814.0
2021,M,56,1112253.0
2022,M,56,1123135.0
2023,M,56,1133175.0
2024,M,56,1141828.0
2025,M,56,1153458.0
2026,M,56,1168276.0
2027,M,56,1185461.0
2028,M,56,1204918.0
2029,M,56,1222441.0
2030,M,56,1241930.0
2031,M,56,1270541.0
2032,M,56,1309245.0
2033,M,56,1354088.0
2034,M,56,1400580.0
2035,M,56,1442778.0
2036,M,56,1476501.0
2037,M,56,1497227.0
2038,M,56,1507351.0
2039,M,56,1515055.0
2040,M,56,1522313.0
2041,M,56,1522843.0
2042,M,56,1515190.0
2043,M,56,1501883.0
2044,M,56,1484259.0
2045,M,56,1467929.0
2046,M,56,1458387.0
2047,M,56,1458712.0
2048,M,56,1466222.0
2049,M,56,1474103.0
2050,M,56,1479382.0
2051,M,56,1485234.0
2052,M,56,1491185.0
2053,M,56,1496401.0
2054,M,56,1502446.0
2055,M,56,1506571.0
2056,M,56,1499222.0
2057,M,56,1478511.0
2058,M,56,1458618.0
2059,M,56,1442243.0
2060,M,56,1430788.0
2061,M,56,1422573.0
2062,M,56,1414564.0
2063,M,56,1383291.0
2064,M,56,1375186.0
2065,M,56,1371331.0
2066,M,56,1352621.0
2067,M,56,1361706.0
2068,M,56,1372639.0
2069,M,56,1369323.0
2070,M,56,1385286.0
2000,M,57,540989.0
2001,M,57,560332.0
2002,M,57,584008.0
2003,M,57,609684.0
2004,M,57,635670.0
2005,M,57,661993.0
2006,M,57,687957.0
2007,M,57,713680.0
2008,M,57,739604.0
2009,M,57,766150.0
2010,M,57,793372.0
2011,M,57,821465.0
2012,M,57,850207.0
2013,M,57,878878.0
2014,M,57,907066.0
2015,M,57,934828.0
2016,M,57,962124.0
2017,M,57,988742.0
2018,M,57,1015185.0
2019,M,57,1040586.0
2020,M,57,1062561.0
2021,M,57,1082107.0
2022,M,57,1098070.0
2023,M,57,1111608.0
2024,M,57,1121650.0
2025,M,57,1130417.0
2026,M,57,1142131.0
2027,M,57,1157004.0
2028,M,57,1174217.0
2029,M,57,1193688.0
2030,M,57,1211247.0
2031,M,57,1230756.0
2032,M,57,1259313.0
2033,M,57,1297876.0
2034,M,57,1342540.0
2035,M,57,1388842.0
2036,M,57,1430900.0
2037,M,57,1464559.0
2038,M,57,1485329.0
2039,M,57,1495579.0
2040,M,57,1503433.0
2041,M,57,1510843.0
2042,M,57,1511577.0
2043,M,57,1504188.0
2044,M,57,1491175.0
2045,M,57,1473874.0
2046,M,57,1457844.0
2047,M,57,1448553.0
2048,M,57,1449052.0
2049,M,57,1456692.0
2050,M,57,1464698.0
2051,M,57,1470115.0
2052,M,57,1476100.0
2053,M,57,1482184.0
2054,M,57,1487534.0
2055,M,57,1493710.0
2056,M,57,1497968.0
2057,M,57,1490820.0
2058,M,57,1470377.0
2059,M,57,1450741.0
2060,M,57,1434600.0
2061,M,57,1423343.0
2062,M,57,1415306.0
2063,M,57,1407475.0
2064,M,57,1376485.0
2065,M,57,1368547.0
2066,M,57,1364828.0
2067,M,57,1346330.0
2068,M,57,1355486.0
2069,M,57,1366482.0
2070,M,57,1363292.0
2000,M,58,518895.0
2001,M,58,532699.0
2002,M,58,551930.0
2003,M,58,575435.0
2004,M,58,600952.0
2005,M,58,626801.0
2006,M,58,652986.0
2007,M,58,678773.0
2008,M,58,704282.0
2009,M,58,729950.0
2010,M,58,756174.0
2011,M,58,783135.0
2012,M,58,811099.0
2013,M,58,839708.0
2014,M,58,868232.0
2015,M,58,896212.0
2016,M,58,923821.0
2017,M,58,951040.0
2018,M,58,977620.0
2019,M,58,1004064.0
2020,M,58,1028245.0
2021,M,58,1047224.0
2022,M,58,1067252.0
2023,M,58,1085943.0
2024,M,58,1100298.0
2025,M,58,1110434.0
2026,M,58,1119313.0
2027,M,58,1131103.0
2028,M,58,1146028.0
2029,M,58,1163272.0
2030,M,58,1182753.0
2031,M,58,1200344.0
2032,M,58,1219875.0
2033,M,58,1248376.0
2034,M,58,1286803.0
2035,M,58,1331287.0
2036,M,58,1377406.0
2037,M,58,1419324.0
2038,M,58,1452917.0
2039,M,58,1473728.0
2040,M,58,1484106.0
2041,M,58,1492105.0
2042,M,58,1499667.0
2043,M,58,1500604.0
2044,M,58,1493463.0
2045,M,58,1480739.0
2046,M,58,1463749.0
2047,M,58,1448012.0
2048,M,58,1438963.0
2049,M,58,1439634.0
2050,M,58,1447396.0
2051,M,58,1455526.0
2052,M,58,1461076.0
2053,M,58,1467190.0
2054,M,58,1473401.0
2055,M,58,1478879.0
2056,M,58,1485183.0
2057,M,58,1489569.0
2058,M,58,1482618.0
2059,M,58,1462434.0
2060,M,58,1443051.0
2061,M,58,1427134.0
2062,M,58,1416073.0
2063,M,58,1408209.0
2064,M,58,1400554.0
2065,M,58,1369841.0
2066,M,58,1362061.0
2067,M,58,1358476.0
2068,M,58,1340180.0
2069,M,58,1349406.0
2070,M,58,1360467.0
2000,M,59,500655.0
2001,M,59,510312.0
2002,M,59,524035.0
2003,M,59,543115.0
2004,M,59,566499.0
2005,M,59,591932.0
2006,M,59,617684.0
2007,M,59,643695.0
2008,M,59,669250.0
2009,M,59,694488.0
2010,M,59,719814.0
2011,M,59,745750.0
2012,M,59,772539.0
2013,M,59,800354.0
2014,M,59,828787.0
2015,M,59,857065.0
2016,M,59,884846.0
2017,M,59,912323.0
2018,M,59,939445.0
2019,M,59,965988.0
2020,M,59,991144.0
2021,M,59,1012342.0
2022,M,59,1031803.0
2023,M,59,1054556.0
2024,M,59,1074893.0
2025,M,59,1089301.0
2026,M,59,1099524.0
2027,M,59,1108506.0
2028,M,59,1120374.0
2029,M,59,1135339.0
2030,M,59,1152610.0
2031,M,59,1172104.0
2032,M,59,1189726.0
2033,M,59,1209276.0
2034,M,59,1237722.0
2035,M,59,1276014.0
2036,M,59,1320322.0
2037,M,59,1366260.0
2038,M,59,1408044.0
2039,M,59,1441568.0
2040,M,59,1462418.0
2041,M,59,1472920.0
2042,M,59,1481068.0
2043,M,59,1488775.0
2044,M,59,1489904.0
2045,M,59,1483012.0
2046,M,59,1470564.0
2047,M,59,1453874.0
2048,M,59,1438420.0
2049,M,59,1429611.0
2050,M,59,1430447.0
2051,M,59,1438330.0
2052,M,59,1446575.0
2053,M,59,1452255.0
2054,M,59,1458496.0
2055,M,59,1464832.0
2056,M,59,1470434.0
2057,M,59,1476856.0
2058,M,59,1481371.0
2059,M,59,1474612.0
2060,M,59,1454680.0
2061,M,59,1435540.0
2062,M,59,1419843.0
2063,M,59,1408971.0
2064,M,59,1401280.0
2065,M,59,1393792.0
2066,M,59,1363349.0
2067,M,59,1355724.0
2068,M,59,1352271.0
2069,M,59,1334171.0
2070,M,59,1343468.0
2000,M,60,484354.0
2001,M,60,491743.0
2002,M,60,501336.0
2003,M,60,514961.0
2004,M,60,533964.0
2005,M,60,557333.0
2006,M,60,582721.0
2007,M,60,608310.0
2008,M,60,634069.0
2009,M,60,659332.0
2010,M,60,684213.0
2011,M,60,709218.0
2012,M,60,734954.0
2013,M,60,761573.0
2014,M,60,789185.0
2015,M,60,817332.0
2016,M,60,845348.0
2017,M,60,872932.0
2018,M,60,900259.0
2019,M,60,927304.0
2020,M,60,952510.0
2021,M,60,974702.0
2022,M,60,996419.0
2023,M,60,1018596.0
2024,M,60,1041403.0
2025,M,60,1061714.0
2026,M,60,1076169.0
2027,M,60,1086491.0
2028,M,60,1095587.0
2029,M,60,1107533.0
2030,M,60,1122542.0
2031,M,60,1139838.0
2032,M,60,1159342.0
2033,M,60,1176994.0
2034,M,60,1196554.0
2035,M,60,1224928.0
2036,M,60,1263049.0
2037,M,60,1307134.0
2038,M,60,1352846.0
2039,M,60,1394453.0
2040,M,60,1427891.0
2041,M,60,1448781.0
2042,M,60,1459428.0
2043,M,60,1467741.0
2044,M,60,1475615.0
2045,M,60,1476966.0
2046,M,60,1470360.0
2047,M,60,1458232.0
2048,M,60,1441897.0
2049,M,60,1426782.0
2050,M,60,1418246.0
2051,M,60,1419272.0
2052,M,60,1427289.0
2053,M,60,1435660.0
2054,M,60,1441488.0
2055,M,60,1447873.0
2056,M,60,1454349.0
2057,M,60,1460094.0
2058,M,60,1466647.0
2059,M,60,1471311.0
2060,M,60,1464772.0
2061,M,60,1445142.0
2062,M,60,1426291.0
2063,M,60,1410856.0
2064,M,60,1400207.0
2065,M,60,1392716.0
2066,M,60,1385424.0
2067,M,60,1355305.0
2068,M,60,1347861.0
2069,M,60,1344562.0
2070,M,60,1326698.0
2000,M,61,467504.0
2001,M,61,475108.0
2002,M,61,482468.0
2003,M,61,491990.0
2004,M,61,505597.0
2005,M,61,524650.0
2006,M,61,548032.0
2007,M,61,573264.0
2008,M,61,598584.0
2009,M,61,624032.0
2010,M,61,648910.0
2011,M,61,673441.0
2012,M,61,698214.0
2013,M,61,723777.0
2014,M,61,750176.0
2015,M,61,777462.0
2016,M,61,805282.0
2017,M,61,833031.0
2018,M,61,860410.0
2019,M,61,887624.0
2020,M,61,913274.0
2021,M,61,935544.0
2022,M,61,958301.0
2023,M,61,982687.0
2024,M,61,1003482.0
2025,M,61,1026208.0
2026,M,61,1046478.0
2027,M,61,1060980.0
2028,M,61,1071412.0
2029,M,61,1080630.0
2030,M,61,1092663.0
2031,M,61,1107719.0
2032,M,61,1125041.0
2033,M,61,1144542.0
2034,M,61,1162219.0
2035,M,61,1181788.0
2036,M,61,1210064.0
2037,M,61,1247981.0
2038,M,61,1291800.0
2039,M,61,1337242.0
2040,M,61,1378637.0
2041,M,61,1411964.0
2042,M,61,1432901.0
2043,M,61,1443709.0
2044,M,61,1452200.0
2045,M,61,1460258.0
2046,M,61,1461859.0
2047,M,61,1455576.0
2048,M,61,1443817.0
2049,M,61,1427883.0
2050,M,61,1413151.0
2051,M,61,1404923.0
2052,M,61,1406165.0
2053,M,61,1414329.0
2054,M,61,1422845.0
2055,M,61,1428830.0
2056,M,61,1435375.0
2057,M,61,1442003.0
2058,M,61,1447910.0
2059,M,61,1454612.0
2060,M,61,1459439.0
2061,M,61,1453151.0
2062,M,61,1433869.0
2063,M,61,1415351.0
2064,M,61,1400215.0
2065,M,61,1389821.0
2066,M,61,1382558.0
2067,M,61,1375490.0
2068,M,61,1345747.0
2069,M,61,1338509.0
2070,M,61,1335387.0
2000,M,62,448884.0
2001,M,62,457944.0
2002,M,62,465529.0
2003,M,62,472854.0
2004,M,62,482386.0
2005,M,62,496094.0
2006,M,62,515200.0
2007,M,62,538446.0
2008,M,62,563409.0
2009,M,62,588407.0
2010,M,62,613471.0
2011,M,62,637972.0
2012,M,62,662250.0
2013,M,62,686827.0
2014,M,62,712156.0
2015,M,62,738191.0
2016,M,62,765107.0
2017,M,62,792607.0
2018,M,62,820088.0
2019,M,62,847313.0
2020,M,62,873052.0
2021,M,62,895767.0
2022,M,62,918648.0
2023,M,62,944037.0
2024,M,62,968097.0
2025,M,62,988836.0
2026,M,62,1011480.0
2027,M,62,1031705.0
2028,M,62,1046248.0
2029,M,62,1056781.0
2030,M,62,1066114.0
2031,M,62,1078234.0
2032,M,62,1093336.0
2033,M,62,1110680.0
2034,M,62,1130175.0
2035,M,62,1147878.0
2036,M,62,1167448.0
2037,M,62,1195625.0
2038,M,62,1233338.0
2039,M,62,1276894.0
2040,M,62,1322072.0
2041,M,62,1363260.0
2042,M,62,1396486.0
2043,M,62,1417460.0
2044,M,62,1428416.0
2045,M,62,1437081.0
2046,M,62,1445315.0
2047,M,62,1447160.0
2048,M,62,1441185.0
2049,M,62,1429785.0
2050,M,62,1414241.0
2051,M,62,1399875.0
2052,M,62,1391951.0
2053,M,62,1393400.0
2054,M,62,1401702.0
2055,M,62,1410356.0
2056,M,62,1416498.0
2057,M,62,1423192.0
2058,M,62,1429971.0
2059,M,62,1436029.0
2060,M,62,1442875.0
2061,M,62,1447860.0
2062,M,62,1441813.0
2063,M,62,1422873.0
2064,M,62,1404675.0
2065,M,62,1389828.0
2066,M,62,1379683.0
2067,M,62,1372639.0
2068,M,62,1365790.0
2069,M,62,1336412.0
2070,M,62,1329376.0
2000,M,63,427310.0
2001,M,63,439042.0
2002,M,63,448078.0
2003,M,63,455620.0
2004,M,63,462966.0
2005,M,63,472591.0
2006,M,63,486384.0
2007,M,63,505390.0
2008,M,63,528378.0
2009,M,63,553048.0
2010,M,63,577691.0
2011,M,63,602389.0
2012,M,63,626616.0
2013,M,63,650686.0
2014,M,63,675002.0
2015,M,63,699932.0
2016,M,63,725559.0
2017,M,63,752105.0
2018,M,63,779304.0
2019,M,63,806576.0
2020,M,63,832233.0
2021,M,63,854982.0
2022,M,63,878353.0
2023,M,63,903815.0
2024,M,63,930022.0
2025,M,63,953966.0
2026,M,63,974639.0
2027,M,63,997199.0
2028,M,63,1017379.0
2029,M,63,1031960.0
2030,M,63,1042587.0
2031,M,63,1052032.0
2032,M,63,1064232.0
2033,M,63,1079378.0
2034,M,63,1096737.0
2035,M,63,1116226.0
2036,M,63,1133949.0
2037,M,63,1153517.0
2038,M,63,1181595.0
2039,M,63,1219109.0
2040,M,63,1262403.0
2041,M,63,1307321.0
2042,M,63,1348311.0
2043,M,63,1381434.0
2044,M,63,1402442.0
2045,M,63,1413544.0
2046,M,63,1422375.0
2047,M,63,1430776.0
2048,M,63,1432849.0
2049,M,63,1427176.0
2050,M,63,1416123.0
2051,M,63,1400955.0
2052,M,63,1386947.0
2053,M,63,1379312.0
2054,M,63,1380959.0
2055,M,63,1389399.0
2056,M,63,1398181.0
2057,M,63,1404479.0
2058,M,63,1411316.0
2059,M,63,1418235.0
2060,M,63,1424444.0
2061,M,63,1431430.0
2062,M,63,1436564.0
2063,M,63,1430753.0
2064,M,63,1412139.0
2065,M,63,1394254.0
2066,M,63,1379695.0
2067,M,63,1369791.0
2068,M,63,1362957.0
2069,M,63,1356315.0
2070,M,63,1327295.0
2000,M,64,403833.0
2001,M,64,417222.0
2002,M,64,428908.0
2003,M,64,437879.0
2004,M,64,445401.0
2005,M,64,452804.0
2006,M,64,462517.0
2007,M,64,476236.0
2008,M,64,495037.0
2009,M,64,517779.0
2010,M,64,542157.0
2011,M,64,566467.0
2012,M,64,590894.0
2013,M,64,614889.0
2014,M,64,638678.0
2015,M,64,662550.0
2016,M,64,687034.0
2017,M,64,712276.0
2018,M,64,738493.0
2019,M,64,765434.0
2020,M,64,791011.0
2021,M,64,813589.0
2022,M,64,837000.0
2023,M,64,862929.0
2024,M,64,890391.0
2025,M,64,916440.0
2026,M,64,940266.0
2027,M,64,960876.0
2028,M,64,983349.0
2029,M,64,1003481.0
2030,M,64,1018096.0
2031,M,64,1028814.0
2032,M,64,1038366.0
2033,M,64,1050643.0
2034,M,64,1065826.0
2035,M,64,1083199.0
2036,M,64,1102677.0
2037,M,64,1120416.0
2038,M,64,1139975.0
2039,M,64,1167959.0
2040,M,64,1205274.0
2041,M,64,1248319.0
2042,M,64,1292984.0
2043,M,64,1333778.0
2044,M,64,1366798.0
2045,M,64,1387837.0
2046,M,64,1399074.0
2047,M,64,1408064.0
2048,M,64,1416627.0
2049,M,64,1418921.0
2050,M,64,1413538.0
2051,M,64,1402820.0
2052,M,64,1388018.0
2053,M,64,1374353.0
2054,M,64,1367001.0
2055,M,64,1368836.0
2056,M,64,1377406.0
2057,M,64,1386314.0
2058,M,64,1392760.0
2059,M,64,1399733.0
2060,M,64,1406792.0
2061,M,64,1413141.0
2062,M,64,1420260.0
2063,M,64,1425544.0
2064,M,64,1419960.0
2065,M,64,1401661.0
2066,M,64,1384086.0
2067,M,64,1369797.0
2068,M,64,1360129.0
2069,M,64,1353503.0
2070,M,64,1347061.0
2000,M,65,380306.0
2001,M,65,393517.0
2002,M,65,406834.0
2003,M,65,418409.0
2004,M,65,427309.0
2005,M,65,434834.0
2006,M,65,442293.0
2007,M,65,451971.0
2008,M,65,465542.0
2009,M,65,484167.0
2010,M,65,506695.0
2011,M,65,530817.0
2012,M,65,554844.0
2013,M,65,579027.0
2014,M,65,602709.0
2015,M,65,626024.0
2016,M,65,649400.0
2017,M,65,673493.0
2018,M,65,698388.0
2019,M,65,724298.0
2020,M,65,749423.0
2021,M,65,771820.0
2022,M,65,795044.0
2023,M,65,820959.0
2024,M,65,846894.0
2025,M,65,874108.0
2026,M,65,899944.0
2027,M,65,923607.0
2028,M,65,944124.0
2029,M,65,966473.0
2030,M,65,986530.0
2031,M,65,1001171.0
2032,M,65,1011980.0
2033,M,65,1021645.0
2034,M,65,1033994.0
2035,M,65,1049202.0
2036,M,65,1066567.0
2037,M,65,1086013.0
2038,M,65,1103750.0
2039,M,65,1123282.0
2040,M,65,1151122.0
2041,M,65,1188172.0
2042,M,65,1230890.0
2043,M,65,1275216.0
2044,M,65,1315741.0
2045,M,65,1348608.0
2046,M,65,1369657.0
2047,M,65,1381038.0
2048,M,65,1390197.0
2049,M,65,1398935.0
2050,M,65,1401475.0
2051,M,65,1396427.0
2052,M,65,1386101.0
2053,M,65,1371730.0
2054,M,65,1358474.0
2055,M,65,1351448.0
2056,M,65,1353500.0
2057,M,65,1362209.0
2058,M,65,1371247.0
2059,M,65,1377856.0
2060,M,65,1384978.0
2061,M,65,1392187.0
2062,M,65,1398692.0
2063,M,65,1405958.0
2064,M,65,1411402.0
2065,M,65,1406083.0
2066,M,65,1388170.0
2067,M,65,1370963.0
2068,M,65,1357001.0
2069,M,65,1347611.0
2070,M,65,1341230.0
2000,M,66,358263.0
2001,M,66,369775.0
2002,M,66,382880.0
2003,M,66,396051.0
2004,M,66,407497.0
2005,M,66,416343.0
2006,M,66,423896.0
2007,M,66,431348.0
2008,M,66,440943.0
2009,M,66,454403.0
2010,M,66,472889.0
2011,M,66,495219.0
2012,M,66,519086.0
2013,M,66,542839.0
2014,M,66,566683.0
2015,M,66,589856.0
2016,M,66,612643.0
2017,M,66,635607.0
2018,M,66,659361.0
2019,M,66,683899.0
2020,M,66,707869.0
2021,M,66,729724.0
2022,M,66,752744.0
2023,M,66,778441.0
2024,M,66,802555.0
2025,M,66,828198.0
2026,M,66,855109.0
2027,M,66,880682.0
2028,M,66,904140.0
2029,M,66,924527.0
2030,M,66,946717.0
2031,M,66,966670.0
2032,M,66,981328.0
2033,M,66,992227.0
2034,M,66,1002004.0
2035,M,66,1014420.0
2036,M,66,1029637.0
2037,M,66,1046980.0
2038,M,66,1066368.0
2039,M,66,1084083.0
2040,M,66,1103564.0
2041,M,66,1131219.0
2042,M,66,1167940.0
2043,M,66,1210247.0
2044,M,66,1254152.0
2045,M,66,1294337.0
2046,M,66,1326996.0
2047,M,66,1348035.0
2048,M,66,1359565.0
2049,M,66,1368898.0
2050,M,66,1377822.0
2051,M,66,1380634.0
2052,M,66,1375963.0
2053,M,66,1366085.0
2054,M,66,1352205.0
2055,M,66,1339417.0
2056,M,66,1332762.0
2057,M,66,1335055.0
2058,M,66,1343907.0
2059,M,66,1353087.0
2060,M,66,1359866.0
2061,M,66,1367149.0
2062,M,66,1374519.0
2063,M,66,1381191.0
2064,M,66,1388614.0
2065,M,66,1394234.0
2066,M,66,1389215.0
2067,M,66,1371749.0
2068,M,66,1354970.0
2069,M,66,1341388.0
2070,M,66,1332317.0
2000,M,67,337791.0
2001,M,67,347541.0
2002,M,67,358928.0
2003,M,67,371863.0
2004,M,67,384873.0
2005,M,67,396222.0
2006,M,67,405063.0
2007,M,67,412625.0
2008,M,67,420032.0
2009,M,67,429561.0
2010,M,67,442926.0
2011,M,67,461264.0
2012,M,67,483358.0
2013,M,67,506953.0
2014,M,67,530349.0
2015,M,67,553678.0
2016,M,67,576300.0
2017,M,67,598662.0
2018,M,67,621268.0
2019,M,67,644638.0
2020,M,67,667158.0
2021,M,67,687757.0
2022,M,67,710201.0
2023,M,67,735688.0
2024,M,67,760985.0
2025,M,67,784833.0
2026,M,67,810191.0
2027,M,67,836803.0
2028,M,67,862112.0
2029,M,67,885368.0
2030,M,67,905622.0
2031,M,67,927656.0
2032,M,67,947506.0
2033,M,67,962170.0
2034,M,67,973153.0
2035,M,67,983033.0
2036,M,67,995502.0
2037,M,67,1010724.0
2038,M,67,1028038.0
2039,M,67,1047367.0
2040,M,67,1065053.0
2041,M,67,1084482.0
2042,M,67,1111953.0
2043,M,67,1148351.0
2044,M,67,1190254.0
2045,M,67,1233745.0
2046,M,67,1273593.0
2047,M,67,1306043.0
2048,M,67,1327071.0
2049,M,67,1338732.0
2050,M,67,1348233.0
2051,M,67,1357329.0
2052,M,67,1360401.0
2053,M,67,1356092.0
2054,M,67,1346643.0
2055,M,67,1333238.0
2056,M,67,1320899.0
2057,M,67,1314603.0
2058,M,67,1317121.0
2059,M,67,1326108.0
2060,M,67,1335417.0
2061,M,67,1342360.0
2062,M,67,1349797.0
2063,M,67,1357320.0
2064,M,67,1364150.0
2065,M,67,1371718.0
2066,M,67,1377507.0
2067,M,67,1372779.0
2068,M,67,1355743.0
2069,M,67,1339378.0
2070,M,67,1326166.0
2000,M,68,319475.0
2001,M,68,326924.0
2002,M,68,336551.0
2003,M,68,347762.0
2004,M,68,360542.0
2005,M,68,373438.0
2006,M,68,384762.0
2007,M,68,393592.0
2008,M,68,401109.0
2009,M,68,408442.0
2010,M,68,417868.0
2011,M,68,431119.0
2012,M,68,449249.0
2013,M,68,471103.0
2014,M,68,494360.0
2015,M,68,517261.0
2016,M,68,540047.0
2017,M,68,562224.0
2018,M,68,584212.0
2019,M,68,606402.0
2020,M,68,627718.0
2021,M,68,646802.0
2022,M,68,667919.0
2023,M,68,692862.0
2024,M,68,719195.0
2025,M,68,744185.0
2026,M,68,767768.0
2027,M,68,792842.0
2028,M,68,819157.0
2029,M,68,844207.0
2030,M,68,867256.0
2031,M,68,887383.0
2032,M,68,909261.0
2033,M,68,929005.0
2034,M,68,943669.0
2035,M,68,954724.0
2036,M,68,964701.0
2037,M,68,977211.0
2038,M,68,992440.0
2039,M,68,1009719.0
2040,M,68,1028978.0
2041,M,68,1046637.0
2042,M,68,1066010.0
2043,M,68,1093301.0
2044,M,68,1129378.0
2045,M,68,1170883.0
2046,M,68,1213968.0
2047,M,68,1253483.0
2048,M,68,1285727.0
2049,M,68,1306735.0
2050,M,68,1318520.0
2051,M,68,1328179.0
2052,M,68,1337438.0
2053,M,68,1340755.0
2054,M,68,1336792.0
2055,M,68,1327750.0
2056,M,68,1314805.0
2057,M,68,1302899.0
2058,M,68,1296942.0
2059,M,68,1299677.0
2060,M,68,1308796.0
2061,M,68,1318229.0
2062,M,68,1325326.0
2063,M,68,1332905.0
2064,M,68,1340574.0
2065,M,68,1347553.0
2066,M,68,1355261.0
2067,M,68,1361208.0
2068,M,68,1356761.0
2069,M,68,1340140.0
2070,M,68,1324174.0
2000,M,69,303024.0
2001,M,69,308495.0
2002,M,69,315846.0
2003,M,69,325324.0
2004,M,69,336408.0
2005,M,69,349105.0
2006,M,69,361961.0
2007,M,69,373238.0
2008,M,69,381967.0
2009,M,69,389370.0
2010,M,69,396536.0
2011,M,69,405838.0
2012,M,69,418922.0
2013,M,69,436860.0
2014,M,69,458428.0
2015,M,69,481252.0
2016,M,69,503636.0
2017,M,69,525978.0
2018,M,69,547760.0
2019,M,69,569306.0
2020,M,69,589435.0
2021,M,69,607275.0
2022,M,69,626788.0
2023,M,69,650449.0
2024,M,69,677332.0
2025,M,69,703317.0
2026,M,69,728001.0
2027,M,69,751326.0
2028,M,69,776115.0
2029,M,69,802140.0
2030,M,69,826938.0
2031,M,69,849784.0
2032,M,69,869780.0
2033,M,69,891506.0
2034,M,69,911140.0
2035,M,69,925797.0
2036,M,69,936917.0
2037,M,69,946981.0
2038,M,69,959528.0
2039,M,69,974750.0
2040,M,69,991991.0
2041,M,69,1011184.0
2042,M,69,1028807.0
2043,M,69,1048124.0
2044,M,69,1075236.0
2045,M,69,1110996.0
2046,M,69,1152113.0
2047,M,69,1194798.0
2048,M,69,1233982.0
2049,M,69,1266023.0
2050,M,69,1287005.0
2051,M,69,1298905.0
2052,M,69,1308711.0
2053,M,69,1318121.0
2054,M,69,1321676.0
2055,M,69,1318041.0
2056,M,69,1309394.0
2057,M,69,1296889.0
2058,M,69,1285398.0
2059,M,69,1279767.0
2060,M,69,1282710.0
2061,M,69,1291949.0
2062,M,69,1301501.0
2063,M,69,1308743.0
2064,M,69,1316459.0
2065,M,69,1324265.0
2066,M,69,1331386.0
2067,M,69,1339227.0
2068,M,69,1345324.0
2069,M,69,1341145.0
2070,M,69,1324927.0
2000,M,70,287666.0
2001,M,70,291977.0
2002,M,70,297385.0
2003,M,70,304627.0
2004,M,70,314015.0
2005,M,70,325046.0
2006,M,70,337713.0
2007,M,70,350464.0
2008,M,70,361569.0
2009,M,70,370118.0
2010,M,70,377275.0
2011,M,70,384283.0
2012,M,70,393463.0
2013,M,70,406438.0
2014,M,70,424150.0
2015,M,70,445347.0
2016,M,70,467713.0
2017,M,70,489639.0
2018,M,70,511556.0
2019,M,70,532896.0
2020,M,70,552378.0
2021,M,70,569024.0
2022,M,70,587175.0
2023,M,70,609290.0
2024,M,70,633032.0
2025,M,70,659437.0
2026,M,70,684991.0
2027,M,70,709283.0
2028,M,70,732273.0
2029,M,70,756703.0
2030,M,70,782348.0
2031,M,70,806817.0
2032,M,70,829394.0
2033,M,70,849201.0
2034,M,70,870700.0
2035,M,70,890166.0
2036,M,70,904776.0
2037,M,70,915926.0
2038,M,70,926047.0
2039,M,70,938598.0
2040,M,70,953767.0
2041,M,70,970918.0
2042,M,70,989987.0
2043,M,70,1007525.0
2044,M,70,1026729.0
2045,M,70,1053574.0
2046,M,70,1088907.0
2047,M,70,1129503.0
2048,M,70,1171653.0
2049,M,70,1210384.0
2050,M,70,1242124.0
2051,M,70,1263021.0
2052,M,70,1275003.0
2053,M,70,1284934.0
2054,M,70,1294469.0
2055,M,70,1298253.0
2056,M,70,1294971.0
2057,M,70,1286750.0
2058,M,70,1274736.0
2059,M,70,1263705.0
2060,M,70,1258421.0
2061,M,70,1261572.0
2062,M,70,1270911.0
2063,M,70,1280554.0
2064,M,70,1287922.0
2065,M,70,1295757.0
2066,M,70,1303681.0
2067,M,70,1310926.0
2068,M,70,1318884.0
2069,M,70,1325115.0
2070,M,70,1321232.0
2000,M,71,272545.0
2001,M,71,276568.0
2002,M,71,280858.0
2003,M,71,286203.0
2004,M,71,293395.0
2005,M,71,302765.0
2006,M,71,313759.0
2007,M,71,326274.0
2008,M,71,338779.0
2009,M,71,349624.0
2010,M,71,357841.0
2011,M,71,364806.0
2012,M,71,371741.0
2013,M,71,380880.0
2014,M,71,393713.0
2015,M,71,411122.0
2016,M,71,431905.0
2017,M,71,453822.0
2018,M,71,475296.0
2019,M,71,496730.0
2020,M,71,516054.0
2021,M,71,532054.0
2022,M,71,548901.0
2023,M,71,569662.0
2024,M,71,590238.0
2025,M,71,613485.0
2026,M,71,639327.0
2027,M,71,664363.0
2028,M,71,688189.0
2029,M,71,710766.0
2030,M,71,734761.0
2031,M,71,759950.0
2032,M,71,784013.0
2033,M,71,806253.0
2034,M,71,825804.0
2035,M,71,847014.0
2036,M,71,866249.0
2037,M,71,880766.0
2038,M,71,891913.0
2039,M,71,902063.0
2040,M,71,914578.0
2041,M,71,929652.0
2042,M,71,946663.0
2043,M,71,965551.0
2044,M,71,982953.0
2045,M,71,1001982.0
2046,M,71,1028479.0
2047,M,71,1063274.0
2048,M,71,1103223.0
2049,M,71,1144707.0
2050,M,71,1182865.0
2051,M,71,1214209.0
2052,M,71,1234953.0
2053,M,71,1246989.0
2054,M,71,1257018.0
2055,M,71,1266656.0
2056,M,71,1270661.0
2057,M,71,1267750.0
2058,M,71,1259987.0
2059,M,71,1248506.0
2060,M,71,1237975.0
2061,M,71,1233066.0
2062,M,71,1236415.0
2063,M,71,1245827.0
2064,M,71,1255537.0
2065,M,71,1263012.0
2066,M,71,1270947.0
2067,M,71,1278969.0
2068,M,71,1286325.0
2069,M,71,1294375.0
2070,M,71,1300733.0
2000,M,72,257005.0
2001,M,72,261398.0
2002,M,72,265406.0
2003,M,72,269648.0
2004,M,72,274978.0
2005,M,72,282177.0
2006,M,72,291511.0
2007,M,72,302325.0
2008,M,72,314541.0
2009,M,72,326737.0
2010,M,72,337190.0
2011,M,72,345170.0
2012,M,72,352090.0
2013,M,72,359023.0
2014,M,72,368064.0
2015,M,72,380651.0
2016,M,72,397701.0
2017,M,72,418050.0
2018,M,72,439511.0
2019,M,72,460500.0
2020,M,72,479940.0
2021,M,72,495832.0
2022,M,72,511915.0
2023,M,72,531348.0
2024,M,72,551852.0
2025,M,72,572017.0
2026,M,72,594781.0
2027,M,72,620077.0
2028,M,72,644606.0
2029,M,72,667977.0
2030,M,72,690154.0
2031,M,72,713718.0
2032,M,72,738469.0
2033,M,72,762136.0
2034,M,72,784036.0
2035,M,72,803334.0
2036,M,72,824251.0
2037,M,72,843259.0
2038,M,72,857677.0
2039,M,72,868811.0
2040,M,72,878976.0
2041,M,72,891455.0
2042,M,72,906428.0
2043,M,72,923300.0
2044,M,72,942002.0
2045,M,72,959263.0
2046,M,72,978111.0
2047,M,72,1004265.0
2048,M,72,1038530.0
2049,M,72,1077851.0
2050,M,72,1118682.0
2051,M,72,1156278.0
2052,M,72,1187227.0
2053,M,72,1207817.0
2054,M,72,1219895.0
2055,M,72,1230008.0
2056,M,72,1239737.0
2057,M,72,1243951.0
2058,M,72,1241382.0
2059,M,72,1234062.0
2060,M,72,1223084.0
2061,M,72,1213033.0
2062,M,72,1208480.0
2063,M,72,1212012.0
2064,M,72,1221492.0
2065,M,72,1231256.0
2066,M,72,1238828.0
2067,M,72,1246856.0
2068,M,72,1254965.0
2069,M,72,1262422.0
2070,M,72,1270555.0
2000,M,73,240649.0
2001,M,73,245763.0
2002,M,73,250114.0
2003,M,73,254055.0
2004,M,73,258278.0
2005,M,73,263626.0
2006,M,73,270803.0
2007,M,73,279965.0
2008,M,73,290482.0
2009,M,73,302368.0
2010,M,73,314166.0
2011,M,73,324340.0
2012,M,73,332260.0
2013,M,73,339166.0
2014,M,73,346004.0
2015,M,73,354821.0
2016,M,73,367097.0
2017,M,73,383753.0
2018,M,73,403677.0
2019,M,73,424676.0
2020,M,73,443724.0
2021,M,73,459818.0
2022,M,73,475701.0
2023,M,73,494251.0
2024,M,73,514743.0
2025,M,73,534819.0
2026,M,73,554582.0
2027,M,73,576881.0
2028,M,73,601643.0
2029,M,73,625678.0
2030,M,73,648606.0
2031,M,73,670388.0
2032,M,73,693537.0
2033,M,73,717858.0
2034,M,73,741130.0
2035,M,73,762699.0
2036,M,73,781743.0
2037,M,73,802372.0
2038,M,73,821147.0
2039,M,73,835463.0
2040,M,73,846577.0
2041,M,73,856748.0
2042,M,73,869187.0
2043,M,73,884057.0
2044,M,73,900778.0
2045,M,73,919297.0
2046,M,73,936414.0
2047,M,73,955080.0
2048,M,73,980897.0
2049,M,73,1014639.0
2050,M,73,1053341.0
2051,M,73,1093535.0
2052,M,73,1130578.0
2053,M,73,1161136.0
2054,M,73,1181570.0
2055,M,73,1193678.0
2056,M,73,1203866.0
2057,M,73,1213677.0
2058,M,73,1218080.0
2059,M,73,1215840.0
2060,M,73,1208938.0
2061,M,73,1198443.0
2062,M,73,1188850.0
2063,M,73,1184632.0
2064,M,73,1188337.0
2065,M,73,1197871.0
2066,M,73,1207685.0
2067,M,73,1215347.0
2068,M,73,1223455.0
2069,M,73,1231643.0
2070,M,73,1239192.0
2000,M,74,223357.0
2001,M,74,229301.0
2002,M,74,234292.0
2003,M,74,238515.0
2004,M,74,242400.0
2005,M,74,246640.0
2006,M,74,251988.0
2007,M,74,259030.0
2008,M,74,267938.0
2009,M,74,278160.0
2010,M,74,289668.0
2011,M,74,301168.0
2012,M,74,311239.0
2013,M,74,319072.0
2014,M,74,325840.0
2015,M,74,332441.0
2016,M,74,340971.0
2017,M,74,352914.0
2018,M,74,369207.0
2019,M,74,388720.0
2020,M,74,407843.0
2021,M,74,423684.0
2022,M,74,439705.0
2023,M,74,457881.0
2024,M,74,478809.0
2025,M,74,498860.0
2026,M,74,518519.0
2027,M,74,537888.0
2028,M,74,559731.0
2029,M,74,583977.0
2030,M,74,607534.0
2031,M,74,630030.0
2032,M,74,651430.0
2033,M,74,674173.0
2034,M,74,698068.0
2035,M,74,720958.0
2036,M,74,742198.0
2037,M,74,760986.0
2038,M,74,781330.0
2039,M,74,799876.0
2040,M,74,814083.0
2041,M,74,825174.0
2042,M,74,835344.0
2043,M,74,847733.0
2044,M,74,862497.0
2045,M,74,879065.0
2046,M,74,897395.0
2047,M,74,914366.0
2048,M,74,932851.0
2049,M,74,958331.0
2050,M,74,991568.0
2051,M,74,1029664.0
2052,M,74,1069230.0
2053,M,74,1105731.0
2054,M,74,1135902.0
2055,M,74,1156174.0
2056,M,74,1168303.0
2057,M,74,1178554.0
2058,M,74,1188433.0
2059,M,74,1193016.0
2060,M,74,1191088.0
2061,M,74,1184581.0
2062,M,74,1174546.0
2063,M,74,1165388.0
2064,M,74,1161494.0
2065,M,74,1165360.0
2066,M,74,1174939.0
2067,M,74,1184796.0
2068,M,74,1192540.0
2069,M,74,1200718.0
2070,M,74,1208977.0
2000,M,75,203629.0
2001,M,75,211906.0
2002,M,75,217622.0
2003,M,75,222405.0
2004,M,75,226522.0
2005,M,75,230405.0
2006,M,75,234674.0
2007,M,75,239946.0
2008,M,75,246799.0
2009,M,75,255462.0
2010,M,75,265369.0
2011,M,75,276563.0
2012,M,75,287886.0
2013,M,75,297780.0
2014,M,75,305392.0
2015,M,75,311894.0
2016,M,75,318242.0
2017,M,75,326503.0
2018,M,75,338174.0
2019,M,75,354120.0
2020,M,75,371853.0
2021,M,75,387912.0
2022,M,75,403637.0
2023,M,75,421744.0
2024,M,75,439755.0
2025,M,75,460068.0
2026,M,75,479552.0
2027,M,75,498675.0
2028,M,75,517536.0
2029,M,75,538786.0
2030,M,75,562367.0
2031,M,75,585306.0
2032,M,75,607237.0
2033,M,75,628127.0
2034,M,75,650330.0
2035,M,75,673661.0
2036,M,75,696030.0
2037,M,75,716821.0
2038,M,75,735253.0
2039,M,75,755201.0
2040,M,75,773416.0
2041,M,75,787443.0
2042,M,75,798458.0
2043,M,75,808588.0
2044,M,75,820863.0
2045,M,75,835450.0
2046,M,75,851784.0
2047,M,75,869834.0
2048,M,75,886573.0
2049,M,75,904787.0
2050,M,75,929793.0
2051,M,75,962335.0
2052,M,75,999614.0
2053,M,75,1038336.0
2054,M,75,1074099.0
2055,M,75,1103722.0
2056,M,75,1123738.0
2057,M,75,1135843.0
2058,M,75,1146117.0
2059,M,75,1156032.0
2060,M,75,1160795.0
2061,M,75,1159215.0
2062,M,75,1153170.0
2063,M,75,1143681.0
2064,M,75,1135037.0
2065,M,75,1131510.0
2066,M,75,1135540.0
2067,M,75,1145138.0
2068,M,75,1155002.0
2069,M,75,1162806.0
2070,M,75,1171033.0
2000,M,76,186353.0
2001,M,76,193885.0
2002,M,76,200068.0
2003,M,76,205494.0
2004,M,76,210121.0
2005,M,76,214218.0
2006,M,76,218152.0
2007,M,76,222401.0
2008,M,76,227555.0
2009,M,76,234210.0
2010,M,76,242601.0
2011,M,76,252209.0
2012,M,76,263160.0
2013,M,76,274205.0
2014,M,76,283792.0
2015,M,76,291104.0
2016,M,76,297371.0
2017,M,76,303519.0
2018,M,76,311596.0
2019,M,76,322995.0
2020,M,76,337260.0
2021,M,76,352087.0
2022,M,76,368000.0
2023,M,76,385611.0
2024,M,76,401390.0
2025,M,76,418757.0
2026,M,76,438331.0
2027,M,76,457129.0
2028,M,76,475603.0
2029,M,76,493842.0
2030,M,76,514374.0
2031,M,76,537155.0
2032,M,76,559341.0
2033,M,76,580582.0
2034,M,76,600844.0
2035,M,76,622381.0
2036,M,76,645011.0
2037,M,76,666735.0
2038,M,76,686958.0
2039,M,76,704934.0
2040,M,76,724374.0
2041,M,76,742160.0
2042,M,76,755938.0
2043,M,76,766827.0
2044,M,76,776867.0
2045,M,76,788976.0
2046,M,76,803310.0
2047,M,76,819329.0
2048,M,76,837008.0
2049,M,76,853434.0
2050,M,76,871284.0
2051,M,76,895685.0
2052,M,76,927359.0
2053,M,76,963618.0
2054,M,76,1001290.0
2055,M,76,1036119.0
2056,M,76,1065044.0
2057,M,76,1084707.0
2058,M,76,1096737.0
2059,M,76,1107000.0
2060,M,76,1116917.0
2061,M,76,1121850.0
2062,M,76,1120649.0
2063,M,76,1115124.0
2064,M,76,1106259.0
2065,M,76,1098198.0
2066,M,76,1095084.0
2067,M,76,1099276.0
2068,M,76,1108854.0
2069,M,76,1118694.0
2070,M,76,1126537.0
2000,M,77,169330.0
2001,M,77,175589.0
2002,M,77,182013.0
2003,M,77,187845.0
2004,M,77,193067.0
2005,M,77,197645.0
2006,M,77,201788.0
2007,M,77,205721.0
2008,M,77,209894.0
2009,M,77,214896.0
2010,M,77,221316.0
2011,M,77,229421.0
2012,M,77,238733.0
2013,M,77,249353.0
2014,M,77,260021.0
2015,M,77,269287.0
2016,M,77,276370.0
2017,M,77,282467.0
2018,M,77,288484.0
2019,M,77,296335.0
2020,M,77,306133.0
2021,M,77,317675.0
2022,M,77,332335.0
2023,M,77,349983.0
2024,M,77,367005.0
2025,M,77,382231.0
2026,M,77,398979.0
2027,M,77,417841.0
2028,M,77,435987.0
2029,M,77,453834.0
2030,M,77,471470.0
2031,M,77,491319.0
2032,M,77,513331.0
2033,M,77,534792.0
2034,M,77,555366.0
2035,M,77,575020.0
2036,M,77,595908.0
2037,M,77,617859.0
2038,M,77,638957.0
2039,M,77,658628.0
2040,M,77,676159.0
2041,M,77,695100.0
2042,M,77,712468.0
2043,M,77,725992.0
2044,M,77,736747.0
2045,M,77,746690.0
2046,M,77,758624.0
2047,M,77,772702.0
2048,M,77,788408.0
2049,M,77,805719.0
2050,M,77,821830.0
2051,M,77,839323.0
2052,M,77,863128.0
2053,M,77,893963.0
2054,M,77,929231.0
2055,M,77,965884.0
2056,M,77,999813.0
2057,M,77,1028050.0
2058,M,77,1047362.0
2059,M,77,1059307.0
2060,M,77,1069541.0
2061,M,77,1079446.0
2062,M,77,1084528.0
2063,M,77,1083677.0
2064,M,77,1078638.0
2065,M,77,1070358.0
2066,M,77,1062844.0
2067,M,77,1060112.0
2068,M,77,1064446.0
2069,M,77,1073999.0
2070,M,77,1083800.0
2000,M,78,152630.0
2001,M,78,157651.0
2002,M,78,163889.0
2003,M,78,169922.0
2004,M,78,175503.0
2005,M,78,180621.0
2006,M,78,185188.0
2007,M,78,189298.0
2008,M,78,193147.0
2009,M,78,197178.0
2010,M,78,201980.0
2011,M,78,208137.0
2012,M,78,215950.0
2013,M,78,224919.0
2014,M,78,235157.0
2015,M,78,245485.0
2016,M,78,254495.0
2017,M,78,261388.0
2018,M,78,267339.0
2019,M,78,273135.0
2020,M,78,279447.0
2021,M,78,286679.0
2022,M,78,298088.0
2023,M,78,314406.0
2024,M,78,333101.0
2025,M,78,349494.0
2026,M,78,364183.0
2027,M,78,380335.0
2028,M,78,398520.0
2029,M,78,416036.0
2030,M,78,433282.0
2031,M,78,450341.0
2032,M,78,469531.0
2033,M,78,490805.0
2034,M,78,511564.0
2035,M,78,531497.0
2036,M,78,550563.0
2037,M,78,570821.0
2038,M,78,592115.0
2039,M,78,612604.0
2040,M,78,631740.0
2041,M,78,648833.0
2042,M,78,667288.0
2043,M,78,684244.0
2044,M,78,697517.0
2045,M,78,708128.0
2046,M,78,717967.0
2047,M,78,729719.0
2048,M,78,743542.0
2049,M,78,758937.0
2050,M,78,775884.0
2051,M,78,791682.0
2052,M,78,808816.0
2053,M,78,832043.0
2054,M,78,862061.0
2055,M,78,896372.0
2056,M,78,932034.0
2057,M,78,965085.0
2058,M,78,992655.0
2059,M,78,1011615.0
2060,M,78,1023463.0
2061,M,78,1033655.0
2062,M,78,1043540.0
2063,M,78,1048749.0
2064,M,78,1048222.0
2065,M,78,1043635.0
2066,M,78,1035904.0
2067,M,78,1028905.0
2068,M,78,1026526.0
2069,M,78,1030987.0
2070,M,78,1040501.0
2000,M,79,136418.0
2001,M,79,140638.0
2002,M,79,146317.0
2003,M,79,152160.0
2004,M,79,157897.0
2005,M,79,163314.0
2006,M,79,168312.0
2007,M,79,172760.0
2008,M,79,176717.0
2009,M,79,180398.0
2010,M,79,184253.0
2011,M,79,188844.0
2012,M,79,194726.0
2013,M,79,202259.0
2014,M,79,210880.0
2015,M,79,220778.0
2016,M,79,230812.0
2017,M,79,239564.0
2018,M,79,246228.0
2019,M,79,251899.0
2020,M,79,256187.0
2021,M,79,260100.0
2022,M,79,267243.0
2023,M,79,280313.0
2024,M,79,299239.0
2025,M,79,317208.0
2026,M,79,332997.0
2027,M,79,347171.0
2028,M,79,362755.0
2029,M,79,380288.0
2030,M,79,397199.0
2031,M,79,413868.0
2032,M,79,430373.0
2033,M,79,448929.0
2034,M,79,469495.0
2035,M,79,489578.0
2036,M,79,508890.0
2037,M,79,527387.0
2038,M,79,547035.0
2039,M,79,567692.0
2040,M,79,587595.0
2041,M,79,606208.0
2042,M,79,622874.0
2043,M,79,640852.0
2044,M,79,657407.0
2045,M,79,670426.0
2046,M,79,680890.0
2047,M,79,690614.0
2048,M,79,702184.0
2049,M,79,715753.0
2050,M,79,730831.0
2051,M,79,747419.0
2052,M,79,762902.0
2053,M,79,779687.0
2054,M,79,802351.0
2055,M,79,831573.0
2056,M,79,864956.0
2057,M,79,899660.0
2058,M,79,931855.0
2059,M,79,958772.0
2060,M,79,977383.0
2061,M,79,989125.0
2062,M,79,999268.0
2063,M,79,1009116.0
2064,M,79,1014439.0
2065,M,79,1014207.0
2066,M,79,1010041.0
2067,M,79,1002826.0
2068,M,79,996310.0
2069,M,79,994260.0
2070,M,79,998835.0
2000,M,80,120886.0
2001,M,80,125601.0
2002,M,80,130578.0
2003,M,80,135572.0
2004,M,80,140466.0
2005,M,80,145238.0
2006,M,80,151302.0
2007,M,80,156048.0
2008,M,80,160265.0
2009,M,80,164002.0
2010,M,80,167526.0
2011,M,80,171211.0
2012,M,80,175577.0
2013,M,80,181261.0
2014,M,80,188513.0
2015,M,80,196807.0
2016,M,80,206363.0
2017,M,80,216051.0
2018,M,80,224459.0
2019,M,80,230766.0
2020,M,80,234932.0
2021,M,80,236975.0
2022,M,80,240863.0
2023,M,80,249693.0
2024,M,80,263049.0
2025,M,80,280979.0
2026,M,80,298028.0
2027,M,80,313048.0
2028,M,80,326561.0
2029,M,80,341410.0
2030,M,80,358106.0
2031,M,80,374240.0
2032,M,80,390162.0
2033,M,80,405943.0
2034,M,80,423675.0
2035,M,80,443318.0
2036,M,80,462520.0
2037,M,80,481008.0
2038,M,80,498745.0
2039,M,80,517587.0
2040,M,80,537397.0
2041,M,80,556507.0
2042,M,80,574412.0
2043,M,80,590478.0
2044,M,80,607803.0
2045,M,80,623786.0
2046,M,80,636422.0
2047,M,80,646637.0
2048,M,80,656148.0
2049,M,80,667419.0
2050,M,80,680598.0
2051,M,80,695214.0
2052,M,80,711278.0
2053,M,80,726294.0
2054,M,80,742564.0
2055,M,80,764438.0
2056,M,80,792572.0
2057,M,80,824693.0
2058,M,80,858087.0
2059,M,80,889107.0
2060,M,80,915106.0
2061,M,80,933179.0
2062,M,80,944703.0
2063,M,80,954702.0
2064,M,80,964419.0
2065,M,80,969807.0
2066,M,80,969883.0
2067,M,80,966190.0
2068,M,80,959570.0
2069,M,80,953608.0
2070,M,80,951918.0
2000,M,81,106242.0
2001,M,81,110055.0
2002,M,81,114311.0
2003,M,81,118845.0
2004,M,81,123597.0
2005,M,81,128540.0
2006,M,81,134474.0
2007,M,81,139303.0
2008,M,81,143726.0
2009,M,81,147670.0
2010,M,81,151265.0
2011,M,81,154654.0
2012,M,81,158157.0
2013,M,81,162396.0
2014,M,81,167873.0
2015,M,81,174814.0
2016,M,81,182726.0
2017,M,81,191848.0
2018,M,81,201099.0
2019,M,81,209062.0
2020,M,81,213882.0
2021,M,81,215936.0
2022,M,81,218001.0
2023,M,81,223586.0
2024,M,81,230801.0
2025,M,81,243307.0
2026,M,81,260066.0
2027,M,81,276032.0
2028,M,81,290137.0
2029,M,81,302850.0
2030,M,81,316817.0
2031,M,81,332517.0
2032,M,81,347712.0
2033,M,81,362730.0
2034,M,81,377630.0
2035,M,81,394365.0
2036,M,81,412891.0
2037,M,81,431030.0
2038,M,81,448516.0
2039,M,81,465319.0
2040,M,81,483166.0
2041,M,81,501935.0
2042,M,81,520071.0
2043,M,81,537092.0
2044,M,81,552404.0
2045,M,81,568905.0
2046,M,81,584162.0
2047,M,81,596290.0
2048,M,81,606155.0
2049,M,81,615363.0
2050,M,81,626227.0
2051,M,81,638886.0
2052,M,81,652905.0
2053,M,81,668287.0
2054,M,81,682692.0
2055,M,81,698291.0
2056,M,81,719162.0
2057,M,81,745937.0
2058,M,81,776487.0
2059,M,81,808249.0
2060,M,81,837795.0
2061,M,81,862626.0
2062,M,81,879993.0
2063,M,81,891192.0
2064,M,81,900950.0
2065,M,81,910444.0
2066,M,81,915850.0
2067,M,81,916235.0
2068,M,81,913049.0
2069,M,81,907092.0
2070,M,81,901747.0
2000,M,82,92624.0
2001,M,82,95762.0
2002,M,82,99474.0
2003,M,82,103631.0
2004,M,82,108187.0
2005,M,82,113084.0
2006,M,82,118121.0
2007,M,82,122826.0
2008,M,82,127262.0
2009,M,82,131371.0
2010,M,82,135165.0
2011,M,82,138642.0
2012,M,82,141869.0
2013,M,82,145294.0
2014,M,82,149367.0
2015,M,82,154544.0
2016,M,82,161090.0
2017,M,82,168517.0
2018,M,82,177124.0
2019,M,82,185867.0
2020,M,82,192387.0
2021,M,82,195219.0
2022,M,82,197317.0
2023,M,82,201036.0
2024,M,82,206671.0
2025,M,82,213490.0
2026,M,82,225204.0
2027,M,82,240876.0
2028,M,82,255830.0
2029,M,82,269077.0
2030,M,82,281045.0
2031,M,82,294187.0
2032,M,82,308954.0
2033,M,82,323270.0
2034,M,82,337436.0
2035,M,82,351510.0
2036,M,82,367306.0
2037,M,82,384782.0
2038,M,82,401915.0
2039,M,82,418456.0
2040,M,82,434372.0
2041,M,82,451283.0
2042,M,82,469070.0
2043,M,82,486280.0
2044,M,82,502461.0
2045,M,82,517049.0
2046,M,82,532767.0
2047,M,82,547325.0
2048,M,82,558961.0
2049,M,82,568477.0
2050,M,82,577384.0
2051,M,82,587850.0
2052,M,82,600003.0
2053,M,82,613441.0
2054,M,82,628170.0
2055,M,82,641985.0
2056,M,82,656930.0
2057,M,82,676848.0
2058,M,82,702332.0
2059,M,82,731391.0
2060,M,82,761603.0
2061,M,82,789750.0
2062,M,82,813462.0
2063,M,82,830150.0
2064,M,82,841017.0
2065,M,82,850529.0
2066,M,82,859790.0
2067,M,82,865194.0
2068,M,82,865848.0
2069,M,82,863118.0
2070,M,82,857765.0
2000,M,83,80168.0
2001,M,83,82883.0
2002,M,83,86233.0
2003,M,83,90085.0
2004,M,83,94356.0
2005,M,83,98964.0
2006,M,83,102568.0
2007,M,83,106904.0
2008,M,83,111183.0
2009,M,83,115276.0
2010,M,83,119221.0
2011,M,83,122902.0
2012,M,83,126206.0
2013,M,83,129357.0
2014,M,83,132636.0
2015,M,83,136414.0
2016,M,83,141190.0
2017,M,83,147238.0
2018,M,83,154137.0
2019,M,83,162209.0
2020,M,83,169560.0
2021,M,83,174220.0
2022,M,83,177080.0
2023,M,83,180734.0
2024,M,83,185834.0
2025,M,83,191175.0
2026,M,83,197615.0
2027,M,83,208593.0
2028,M,83,223252.0
2029,M,83,237267.0
2030,M,83,249709.0
2031,M,83,260977.0
2032,M,83,273347.0
2033,M,83,287247.0
2034,M,83,300735.0
2035,M,83,314101.0
2036,M,83,327396.0
2037,M,83,342304.0
2038,M,83,358794.0
2039,M,83,374981.0
2040,M,83,390629.0
2041,M,83,405709.0
2042,M,83,421733.0
2043,M,83,438590.0
2044,M,83,454922.0
2045,M,83,470304.0
2046,M,83,484203.0
2047,M,83,499171.0
2048,M,83,513062.0
2049,M,83,524217.0
2050,M,83,533393.0
2051,M,83,541997.0
2052,M,83,552073.0
2053,M,83,563738.0
2054,M,83,576616.0
2055,M,83,590713.0
2056,M,83,603962.0
2057,M,83,618278.0
2058,M,83,637281.0
2059,M,83,661539.0
2060,M,83,689181.0
2061,M,83,717923.0
2062,M,83,744739.0
2063,M,83,767384.0
2064,M,83,783409.0
2065,M,83,793952.0
2066,M,83,803205.0
2067,M,83,812230.0
2068,M,83,817613.0
2069,M,83,818501.0
2070,M,83,816184.0
2000,M,84,68983.0
2001,M,84,71430.0
2002,M,84,74507.0
2003,M,84,78046.0
2004,M,84,81915.0
2005,M,84,86002.0
2006,M,84,88149.0
2007,M,84,91889.0
2008,M,84,95793.0
2009,M,84,99708.0
2010,M,84,103621.0
2011,M,84,107432.0
2012,M,84,110899.0
2013,M,84,114095.0
2014,M,84,117083.0
2015,M,84,120056.0
2016,M,84,123456.0
2017,M,84,127762.0
2018,M,84,133301.0
2019,M,84,139682.0
2020,M,84,146449.0
2021,M,84,152052.0
2022,M,84,156696.0
2023,M,84,160955.0
2024,M,84,167070.0
2025,M,84,171906.0
2026,M,84,176965.0
2027,M,84,183045.0
2028,M,84,193337.0
2029,M,84,207059.0
2030,M,84,220191.0
2031,M,84,231885.0
2032,M,84,242498.0
2033,M,84,254146.0
2034,M,84,267231.0
2035,M,84,279942.0
2036,M,84,292558.0
2037,M,84,305112.0
2038,M,84,319186.0
2039,M,84,334750.0
2040,M,84,350048.0
2041,M,84,364853.0
2042,M,84,379142.0
2043,M,84,394326.0
2044,M,84,410306.0
2045,M,84,425807.0
2046,M,84,440425.0
2047,M,84,453669.0
2048,M,84,467922.0
2049,M,84,481172.0
2050,M,84,491867.0
2051,M,84,500705.0
2052,M,84,509010.0
2053,M,84,518703.0
2054,M,84,529895.0
2055,M,84,542233.0
2056,M,84,555725.0
2057,M,84,568424.0
2058,M,84,582133.0
2059,M,84,600265.0
2060,M,84,623358.0
2061,M,84,649657.0
2062,M,84,677003.0
2063,M,84,702553.0
2064,M,84,724177.0
2065,M,84,739566.0
2066,M,84,749779.0
2067,M,84,758780.0
2068,M,84,767563.0
2069,M,84,772904.0
2070,M,84,773992.0
2000,M,85,59175.0
2001,M,85,61378.0
2002,M,85,64131.0
2003,M,85,67249.0
2004,M,85,70562.0
2005,M,85,73937.0
2006,M,85,77197.0
2007,M,85,80270.0
2008,M,85,83109.0
2009,M,85,85841.0
2010,M,85,88672.0
2011,M,85,92406.0
2012,M,85,95951.0
2013,M,85,99247.0
2014,M,85,102231.0
2015,M,85,104907.0
2016,M,85,107525.0
2017,M,85,110518.0
2018,M,85,114393.0
2019,M,85,119442.0
2020,M,85,124622.0
2021,M,85,129757.0
2022,M,85,135261.0
2023,M,85,141096.0
2024,M,85,145165.0
2025,M,85,150806.0
2026,M,85,155296.0
2027,M,85,159999.0
2028,M,85,165628.0
2029,M,85,175080.0
2030,M,85,187651.0
2031,M,85,199709.0
2032,M,85,210477.0
2033,M,85,220272.0
2034,M,85,231027.0
2035,M,85,243096.0
2036,M,85,254837.0
2037,M,85,266509.0
2038,M,85,278137.0
2039,M,85,291161.0
2040,M,85,305563.0
2041,M,85,319732.0
2042,M,85,333475.0
2043,M,85,346753.0
2044,M,85,360864.0
2045,M,85,375719.0
2046,M,85,390151.0
2047,M,85,403783.0
2048,M,85,416164.0
2049,M,85,429485.0
2050,M,85,441894.0
2051,M,85,451965.0
2052,M,85,460331.0
2053,M,85,468213.0
2054,M,85,477378.0
2055,M,85,487932.0
2056,M,85,499542.0
2057,M,85,512227.0
2058,M,85,524192.0
2059,M,85,537095.0
2060,M,85,554084.0
2061,M,85,575668.0
2062,M,85,600229.0
2063,M,85,625775.0
2064,M,85,649669.0
2065,M,85,669959.0
2066,M,85,684482.0
2067,M,85,694225.0
2068,M,85,702844.0
2069,M,85,711261.0
2070,M,85,716492.0
2000,M,86,50827.0
2001,M,86,52650.0
2002,M,86,54881.0
2003,M,86,57357.0
2004,M,86,59918.0
2005,M,86,62465.0
2006,M,86,64988.0
2007,M,86,67353.0
2008,M,86,69619.0
2009,M,86,71981.0
2010,M,86,74704.0
2011,M,86,78154.0
2012,M,86,81555.0
2013,M,86,84849.0
2014,M,86,87886.0
2015,M,86,90540.0
2016,M,86,92901.0
2017,M,86,95193.0
2018,M,86,97852.0
2019,M,86,101297.0
2020,M,86,105250.0
2021,M,86,108890.0
2022,M,86,113827.0
2023,M,86,120293.0
2024,M,86,123796.0
2025,M,86,127496.0
2026,M,86,132583.0
2027,M,86,136666.0
2028,M,86,140944.0
2029,M,86,146047.0
2030,M,86,154534.0
2031,M,86,165793.0
2032,M,86,176615.0
2033,M,86,186309.0
2034,M,86,195156.0
2035,M,86,204871.0
2036,M,86,215762.0
2037,M,86,226375.0
2038,M,86,236943.0
2039,M,86,247487.0
2040,M,86,259287.0
2041,M,86,272325.0
2042,M,86,285176.0
2043,M,86,297660.0
2044,M,86,309746.0
2045,M,86,322589.0
2046,M,86,336112.0
2047,M,86,349269.0
2048,M,86,361727.0
2049,M,86,373072.0
2050,M,86,385269.0
2051,M,86,396664.0
2052,M,86,405969.0
2053,M,86,413747.0
2054,M,86,421095.0
2055,M,86,429603.0
2056,M,86,439369.0
2057,M,86,450094.0
2058,M,86,461792.0
2059,M,86,472857.0
2060,M,86,484776.0
2061,M,86,500389.0
2062,M,86,520167.0
2063,M,86,542653.0
2064,M,86,566051.0
2065,M,86,587969.0
2066,M,86,606645.0
2067,M,86,620106.0
2068,M,86,629241.0
2069,M,86,637363.0
2070,M,86,645303.0
2000,M,87,44047.0
2001,M,87,45192.0
2002,M,87,46538.0
2003,M,87,48027.0
2004,M,87,49605.0
2005,M,87,51259.0
2006,M,87,53188.0
2007,M,87,55151.0
2008,M,87,57175.0
2009,M,87,59410.0
2010,M,87,62086.0
2011,M,87,65019.0
2012,M,87,68064.0
2013,M,87,71142.0
2014,M,87,74116.0
2015,M,87,76821.0
2016,M,87,79201.0
2017,M,87,81334.0
2018,M,87,83393.0
2019,M,87,85697.0
2020,M,87,88149.0
2021,M,87,90640.0
2022,M,87,93948.0
2023,M,87,99616.0
2024,M,87,105546.0
2025,M,87,108733.0
2026,M,87,112098.0
2027,M,87,116684.0
2028,M,87,120395.0
2029,M,87,124283.0
2030,M,87,128909.0
2031,M,87,136533.0
2032,M,87,146622.0
2033,M,87,156336.0
2034,M,87,165068.0
2035,M,87,173060.0
2036,M,87,181837.0
2037,M,87,191667.0
2038,M,87,201267.0
2039,M,87,210834.0
2040,M,87,220395.0
2041,M,87,231089.0
2042,M,87,242899.0
2043,M,87,254555.0
2044,M,87,265896.0
2045,M,87,276897.0
2046,M,87,288589.0
2047,M,87,300898.0
2048,M,87,312897.0
2049,M,87,324277.0
2050,M,87,334670.0
2051,M,87,345845.0
2052,M,87,356303.0
2053,M,87,364893.0
2054,M,87,372119.0
2055,M,87,378965.0
2056,M,87,386848.0
2057,M,87,395884.0
2058,M,87,405786.0
2059,M,87,416575.0
2060,M,87,426800.0
2061,M,87,437804.0
2062,M,87,452149.0
2063,M,87,470273.0
2064,M,87,490864.0
2065,M,87,512296.0
2066,M,87,532402.0
2067,M,87,549594.0
2068,M,87,562063.0
2069,M,87,570619.0
2070,M,87,578260.0
2000,M,88,38924.0
2001,M,88,38951.0
2002,M,88,38882.0
2003,M,88,38924.0
2004,M,88,39250.0
2005,M,88,40003.0
2006,M,88,41633.0
2007,M,88,43706.0
2008,M,88,46029.0
2009,M,88,48498.0
2010,M,88,51147.0
2011,M,88,53358.0
2012,M,88,55827.0
2013,M,88,58484.0
2014,M,88,61197.0
2015,M,88,63839.0
2016,M,88,66326.0
2017,M,88,68571.0
2018,M,88,70574.0
2019,M,88,72335.0
2020,M,88,73754.0
2021,M,88,74777.0
2022,M,88,76798.0
2023,M,88,80622.0
2024,M,88,87406.0
2025,M,88,92708.0
2026,M,88,95605.0
2027,M,88,98664.0
2028,M,88,102797.0
2029,M,88,106169.0
2030,M,88,109702.0
2031,M,88,113895.0
2032,M,88,120745.0
2033,M,88,129788.0
2034,M,88,138514.0
2035,M,88,146383.0
2036,M,88,153606.0
2037,M,88,161532.0
2038,M,88,170408.0
2039,M,88,179093.0
2040,M,88,187761.0
2041,M,88,196431.0
2042,M,88,206122.0
2043,M,88,216824.0
2044,M,88,227396.0
2045,M,88,237702.0
2046,M,88,247715.0
2047,M,88,258360.0
2048,M,88,269568.0
2049,M,88,280511.0
2050,M,88,290907.0
2051,M,88,300428.0
2052,M,88,310660.0
2053,M,88,320259.0
2054,M,88,328182.0
2055,M,88,334891.0
2056,M,88,341255.0
2057,M,88,348566.0
2058,M,88,356915.0
2059,M,88,366051.0
2060,M,88,376004.0
2061,M,88,385445.0
2062,M,88,395602.0
2063,M,88,408788.0
2064,M,88,425396.0
2065,M,88,444253.0
2066,M,88,463886.0
2067,M,88,482335.0
2068,M,88,498156.0
2069,M,88,509703.0
2070,M,88,517707.0
2000,M,89,35542.0
2001,M,89,33854.0
2002,M,89,31702.0
2003,M,89,29722.0
2004,M,89,28488.0
2005,M,89,28382.0
2006,M,89,30167.0
2007,M,89,33066.0
2008,M,89,36427.0
2009,M,89,39601.0
2010,M,89,42237.0
2011,M,89,43499.0
2012,M,89,45206.0
2013,M,89,47259.0
2014,M,89,49535.0
2015,M,89,51926.0
2016,M,89,54398.0
2017,M,89,56838.0
2018,M,89,59028.0
2019,M,89,60781.0
2020,M,89,61745.0
2021,M,89,61744.0
2022,M,89,62129.0
2023,M,89,64494.0
2024,M,89,70743.0
2025,M,89,76776.0
2026,M,89,81515.0
2027,M,89,84147.0
2028,M,89,86928.0
2029,M,89,90655.0
2030,M,89,93716.0
2031,M,89,96926.0
2032,M,89,100725.0
2033,M,89,106881.0
2034,M,89,114995.0
2035,M,89,122833.0
2036,M,89,129928.0
2037,M,89,136460.0
2038,M,89,143620.0
2039,M,89,151636.0
2040,M,89,159497.0
2041,M,89,167347.0
2042,M,89,175214.0
2043,M,89,183995.0
2044,M,89,193696.0
2045,M,89,203289.0
2046,M,89,212657.0
2047,M,89,221770.0
2048,M,89,231464.0
2049,M,89,241671.0
2050,M,89,251649.0
2051,M,89,261147.0
2052,M,89,269868.0
2053,M,89,279238.0
2054,M,89,288047.0
2055,M,89,295351.0
2056,M,89,301574.0
2057,M,89,307487.0
2058,M,89,314258.0
2059,M,89,321973.0
2060,M,89,330400.0
2061,M,89,339572.0
2062,M,89,348291.0
2063,M,89,357664.0
2064,M,89,369783.0
2065,M,89,385005.0
2066,M,89,402275.0
2067,M,89,420266.0
2068,M,89,437193.0
2069,M,89,451754.0
2070,M,89,462446.0
2000,M,90,117729.0
2001,M,90,122887.0
2002,M,90,127185.0
2003,M,90,130696.0
2004,M,90,133765.0
2005,M,90,136738.0
2006,M,90,139805.0
2007,M,90,143355.0
2008,M,90,147486.0
2009,M,90,152013.0
2010,M,90,156830.0
2011,M,90,162882.0
2012,M,90,169077.0
2013,M,90,175486.0
2014,M,90,182012.0
2015,M,90,188564.0
2016,M,90,195330.0
2017,M,90,202572.0
2018,M,90,210360.0
2019,M,90,218309.0
2020,M,90,223320.0
2021,M,90,223739.0
2022,M,90,222460.0
2023,M,90,225528.0
2024,M,90,235244.0
2025,M,90,248654.0
2026,M,90,264808.0
2027,M,90,282066.0
2028,M,90,298448.0
2029,M,90,314256.0
2030,M,90,330409.0
2031,M,90,346281.0
2032,M,90,362062.0
2033,M,90,378278.0
2034,M,90,396859.0
2035,M,90,419023.0
2036,M,90,443873.0
2037,M,90,470291.0
2038,M,90,497523.0
2039,M,90,525981.0
2040,M,90,556184.0
2041,M,90,587694.0
2042,M,90,620286.0
2043,M,90,653806.0
2044,M,90,688896.0
2045,M,90,726085.0
2046,M,90,764929.0
2047,M,90,804962.0
2048,M,90,845795.0
2049,M,90,887813.0
2050,M,90,931286.0
2051,M,90,975796.0
2052,M,90,1020780.0
2053,M,90,1065521.0
2054,M,90,1110654.0
2055,M,90,1155659.0
2056,M,90,1199286.0
2057,M,90,1240879.0
2058,M,90,1280554.0
2059,M,90,1319417.0
2060,M,90,1358444.0
2061,M,90,1398246.0
2062,M,90,1439344.0
2063,M,90,1481144.0
2064,M,90,1524106.0
2065,M,90,1570422.0
2066,M,90,1622194.0
2067,M,90,1680244.0
2068,M,90,1744104.0
2069,M,90,1811854.0
2070,M,90,1880792.0
2000,F,0,1683872.0
2001,F,0,1642528.0
2002,F,0,1603231.0
2003,F,0,1570058.0
2004,F,0,1544006.0
2005,F,0,1523584.0
2006,F,0,1512870.0
2007,F,0,1472582.0
2008,F,0,1458505.0
2009,F,0,1450455.0
2010,F,0,1425426.0
2011,F,0,1427331.0
2012,F,0,1433405.0
2013,F,0,1427118.0
2014,F,0,1441820.0
2015,F,0,1471083.0
2016,F,0,1439680.0
2017,F,0,1407679.0
2018,F,0,1425723.0
2019,F,0,1408780.0
2020,F,0,1356346.0
2021,F,0,1312774.0
2022,F,0,1268549.0
2023,F,0,1233924.0
2024,F,0,1213019.0
2025,F,0,1187450.0
2026,F,0,1165431.0
2027,F,0,1145723.0
2028,F,0,1127902.0
2029,F,0,1112059.0
2030,F,0,1098091.0
2031,F,0,1085291.0
2032,F,0,1073297.0
2033,F,0,1062133.0
2034,F,0,1051928.0
2035,F,0,1042440.0
2036,F,0,1033159.0
2037,F,0,1023771.0
2038,F,0,1014684.0
2039,F,0,1006075.0
2040,F,0,997528.0
2041,F,0,988712.0
2042,F,0,979704.0
2043,F,0,970845.0
2044,F,0,962127.0
2045,F,0,953291.0
2046,F,0,944122.0
2047,F,0,934753.0
2048,F,0,925314.0
2049,F,0,915593.0
2050,F,0,905520.0
2051,F,0,895212.0
2052,F,0,884849.0
2053,F,0,874225.0
2054,F,0,863100.0
2055,F,0,851661.0
2056,F,0,840448.0
2057,F,0,829824.0
2058,F,0,819294.0
2059,F,0,808565.0
2060,F,0,798146.0
2061,F,0,788491.0
2062,F,0,779705.0
2063,F,0,771464.0
2064,F,0,763485.0
2065,F,0,755957.0
2066,F,0,749005.0
2067,F,0,742542.0
2068,F,0,736461.0
2069,F,0,730637.0
2070,F,0,725004.0
2000,F,1,1701225.0
2001,F,1,1677012.0
2002,F,1,1636391.0
2003,F,1,1597661.0
2004,F,1,1564999.0
2005,F,1,1539509.0
2006,F,1,1519584.0
2007,F,1,1509329.0
2008,F,1,1469378.0
2009,F,1,1455554.0
2010,F,1,1445376.0
2011,F,1,1417832.0
2012,F,1,1421067.0
2013,F,1,1428148.0
2014,F,1,1422182.0
2015,F,1,1436664.0
2016,F,1,1465611.0
2017,F,1,1433746.0
2018,F,1,1401104.0
2019,F,1,1420556.0
2020,F,1,1405715.0
2021,F,1,1353515.0
2022,F,1,1308809.0
2023,F,1,1263686.0
2024,F,1,1230262.0
2025,F,1,1209808.0
2026,F,1,1184683.0
2027,F,1,1163088.0
2028,F,1,1143776.0
2029,F,1,1126341.0
2030,F,1,1110869.0
2031,F,1,1097118.0
2032,F,1,1084341.0
2033,F,1,1072363.0
2034,F,1,1061217.0
2035,F,1,1051029.0
2036,F,1,1041552.0
2037,F,1,1032287.0
2038,F,1,1022908.0
2039,F,1,1013833.0
2040,F,1,1005233.0
2041,F,1,996702.0
2042,F,1,987913.0
2043,F,1,978926.0
2044,F,1,970091.0
2045,F,1,961396.0
2046,F,1,952580.0
2047,F,1,943431.0
2048,F,1,934084.0
2049,F,1,924663.0
2050,F,1,914962.0
2051,F,1,904907.0
2052,F,1,894615.0
2053,F,1,884271.0
2054,F,1,873665.0
2055,F,1,862557.0
2056,F,1,851131.0
2057,F,1,839937.0
2058,F,1,829327.0
2059,F,1,818815.0
2060,F,1,808098.0
2061,F,1,797692.0
2062,F,1,788049.0
2063,F,1,779276.0
2064,F,1,771048.0
2065,F,1,763076.0
2066,F,1,755558.0
2067,F,1,748617.0
2068,F,1,742163.0
2069,F,1,736089.0
2070,F,1,730273.0
2000,F,2,1710524.0
2001,F,2,1698693.0
2002,F,2,1674688.0
2003,F,2,1634222.0
2004,F,2,1595678.0
2005,F,2,1563174.0
2006,F,2,1537828.0
2007,F,2,1518039.0
2008,F,2,1507898.0
2009,F,2,1468057.0
2010,F,2,1452541.0
2011,F,2,1440445.0
2012,F,2,1413947.0
2013,F,2,1417916.0
2014,F,2,1425199.0
2015,F,2,1419059.0
2016,F,2,1433193.0
2017,F,2,1461795.0
2018,F,2,1429452.0
2019,F,2,1397909.0
2020,F,2,1418829.0
2021,F,2,1404260.0
2022,F,2,1351161.0
2023,F,2,1305727.0
2024,F,2,1261546.0
2025,F,2,1228438.0
2026,F,2,1208265.0
2027,F,2,1183423.0
2028,F,2,1162090.0
2029,F,2,1143030.0
2030,F,2,1125843.0
2031,F,2,1110510.0
2032,F,2,1096755.0
2033,F,2,1083978.0
2034,F,2,1071996.0
2035,F,2,1060845.0
2036,F,2,1050652.0
2037,F,2,1041172.0
2038,F,2,1031900.0
2039,F,2,1022519.0
2040,F,2,1013436.0
2041,F,2,1004841.0
2042,F,2,996319.0
2043,F,2,987539.0
2044,F,2,978561.0
2045,F,2,969734.0
2046,F,2,961047.0
2047,F,2,952240.0
2048,F,2,943101.0
2049,F,2,933758.0
2050,F,2,924345.0
2051,F,2,914654.0
2052,F,2,904608.0
2053,F,2,894322.0
2054,F,2,883985.0
2055,F,2,873385.0
2056,F,2,862284.0
2057,F,2,850868.0
2058,F,2,839681.0
2059,F,2,829077.0
2060,F,2,818570.0
2061,F,2,807859.0
2062,F,2,797460.0
2063,F,2,787824.0
2064,F,2,779051.0
2065,F,2,770831.0
2066,F,2,762865.0
2067,F,2,755351.0
2068,F,2,748415.0
2069,F,2,741963.0
2070,F,2,735893.0
2000,F,3,1718917.0
2001,F,3,1709181.0
2002,F,3,1697430.0
2003,F,3,1673516.0
2004,F,3,1633139.0
2005,F,3,1594700.0
2006,F,3,1562267.0
2007,F,3,1536970.0
2008,F,3,1517230.0
2009,F,3,1507122.0
2010,F,3,1466002.0
2011,F,3,1449041.0
2012,F,3,1437733.0
2013,F,3,1411814.0
2014,F,3,1415950.0
2015,F,3,1423108.0
2016,F,3,1416728.0
2017,F,3,1430590.0
2018,F,3,1458834.0
2019,F,3,1427316.0
2020,F,3,1396917.0
2021,F,3,1417936.0
2022,F,3,1402735.0
2023,F,3,1349033.0
2024,F,3,1304060.0
2025,F,3,1260121.0
2026,F,3,1227229.0
2027,F,3,1207249.0
2028,F,3,1182596.0
2029,F,3,1161443.0
2030,F,3,1142552.0
2031,F,3,1125466.0
2032,F,3,1110131.0
2033,F,3,1096376.0
2034,F,3,1083598.0
2035,F,3,1071613.0
2036,F,3,1060458.0
2037,F,3,1050267.0
2038,F,3,1040782.0
2039,F,3,1031507.0
2040,F,3,1022119.0
2041,F,3,1013038.0
2042,F,3,1004456.0
2043,F,3,995940.0
2044,F,3,987172.0
2045,F,3,978202.0
2046,F,3,969382.0
2047,F,3,960707.0
2048,F,3,951907.0
2049,F,3,942776.0
2050,F,3,933439.0
2051,F,3,924034.0
2052,F,3,914352.0
2053,F,3,904311.0
2054,F,3,894031.0
2055,F,3,883700.0
2056,F,3,873108.0
2057,F,3,862018.0
2058,F,3,850607.0
2059,F,3,839428.0
2060,F,3,828830.0
2061,F,3,818330.0
2062,F,3,807626.0
2063,F,3,797230.0
2064,F,3,787601.0
2065,F,3,778832.0
2066,F,3,770620.0
2067,F,3,762658.0
2068,F,3,755145.0
2069,F,3,748213.0
2070,F,3,741765.0
2000,F,4,1727776.0
2001,F,4,1717941.0
2002,F,4,1708272.0
2003,F,4,1696560.0
2004,F,4,1672705.0
2005,F,4,1632392.0
2006,F,4,1594049.0
2007,F,4,1561640.0
2008,F,4,1536363.0
2009,F,4,1516640.0
2010,F,4,1505601.0
2011,F,4,1463423.0
2012,F,4,1447064.0
2013,F,4,1436182.0
2014,F,4,1410403.0
2015,F,4,1414453.0
2016,F,4,1421449.0
2017,F,4,1414879.0
2018,F,4,1428484.0
2019,F,4,1457372.0
2020,F,4,1426689.0
2021,F,4,1396397.0
2022,F,4,1416926.0
2023,F,4,1401220.0
2024,F,4,1347725.0
2025,F,4,1302918.0
2026,F,4,1259140.0
2027,F,4,1226392.0
2028,F,4,1206538.0
2029,F,4,1182012.0
2030,F,4,1160979.0
2031,F,4,1142158.0
2032,F,4,1125074.0
2033,F,4,1109738.0
2034,F,4,1095986.0
2035,F,4,1083205.0
2036,F,4,1071220.0
2037,F,4,1060064.0
2038,F,4,1049868.0
2039,F,4,1040381.0
2040,F,4,1031106.0
2041,F,4,1021720.0
2042,F,4,1012651.0
2043,F,4,1004075.0
2044,F,4,995569.0
2045,F,4,986810.0
2046,F,4,977849.0
2047,F,4,969037.0
2048,F,4,960367.0
2049,F,4,951576.0
2050,F,4,942453.0
2051,F,4,933124.0
2052,F,4,923726.0
2053,F,4,914054.0
2054,F,4,904018.0
2055,F,4,893745.0
2056,F,4,883421.0
2057,F,4,872836.0
2058,F,4,861754.0
2059,F,4,850349.0
2060,F,4,839179.0
2061,F,4,828585.0
2062,F,4,818093.0
2063,F,4,807392.0
2064,F,4,797006.0
2065,F,4,787379.0
2066,F,4,778616.0
2067,F,4,770410.0
2068,F,4,762450.0
2069,F,4,754945.0
2070,F,4,748016.0
2000,F,5,1733766.0
2001,F,5,1727035.0
2002,F,5,1717222.0
2003,F,5,1707573.0
2004,F,5,1695896.0
2005,F,5,1672075.0
2006,F,5,1631808.0
2007,F,5,1593510.0
2008,F,5,1561126.0
2009,F,5,1535862.0
2010,F,5,1515466.0
2011,F,5,1503679.0
2012,F,5,1461969.0
2013,F,5,1445955.0
2014,F,5,1435163.0
2015,F,5,1409325.0
2016,F,5,1413255.0
2017,F,5,1420117.0
2018,F,5,1413367.0
2019,F,5,1427483.0
2020,F,5,1456989.0
2021,F,5,1426372.0
2022,F,5,1395737.0
2023,F,5,1415904.0
2024,F,5,1400361.0
2025,F,5,1346984.0
2026,F,5,1302280.0
2027,F,5,1258601.0
2028,F,5,1225939.0
2029,F,5,1206160.0
2030,F,5,1181715.0
2031,F,5,1160724.0
2032,F,5,1141903.0
2033,F,5,1124813.0
2034,F,5,1109476.0
2035,F,5,1095720.0
2036,F,5,1082935.0
2037,F,5,1070946.0
2038,F,5,1059782.0
2039,F,5,1049585.0
2040,F,5,1040093.0
2041,F,5,1030818.0
2042,F,5,1021442.0
2043,F,5,1012375.0
2044,F,5,1003808.0
2045,F,5,995309.0
2046,F,5,986556.0
2047,F,5,977601.0
2048,F,5,968794.0
2049,F,5,960130.0
2050,F,5,951346.0
2051,F,5,942226.0
2052,F,5,932905.0
2053,F,5,923516.0
2054,F,5,913846.0
2055,F,5,903814.0
2056,F,5,893548.0
2057,F,5,883227.0
2058,F,5,872645.0
2059,F,5,861571.0
2060,F,5,850171.0
2061,F,5,839004.0
2062,F,5,828419.0
2063,F,5,817930.0
2064,F,5,807231.0
2065,F,5,796851.0
2066,F,5,787225.0
2067,F,5,778467.0
2068,F,5,770262.0
2069,F,5,762305.0
2070,F,5,754808.0
2000,F,6,1736736.0
2001,F,6,1733181.0
2002,F,6,1726457.0
2003,F,6,1716645.0
2004,F,6,1707006.0
2005,F,6,1695355.0
2006,F,6,1671550.0
2007,F,6,1631307.0
2008,F,6,1593038.0
2009,F,6,1560685.0
2010,F,6,1534944.0
2011,F,6,1514009.0
2012,F,6,1502581.0
2013,F,6,1461149.0
2014,F,6,1445223.0
2015,F,6,1434386.0
2016,F,6,1408466.0
2017,F,6,1412308.0
2018,F,6,1419056.0
2019,F,6,1412695.0
2020,F,6,1427304.0
2021,F,6,1456797.0
2022,F,6,1425937.0
2023,F,6,1395071.0
2024,F,6,1415450.0
2025,F,6,1399968.0
2026,F,6,1346656.0
2027,F,6,1302010.0
2028,F,6,1258382.0
2029,F,6,1225764.0
2030,F,6,1206031.0
2031,F,6,1181611.0
2032,F,6,1160613.0
2033,F,6,1141786.0
2034,F,6,1124685.0
2035,F,6,1109344.0
2036,F,6,1095578.0
2037,F,6,1082787.0
2038,F,6,1070791.0
2039,F,6,1059618.0
2040,F,6,1049414.0
2041,F,6,1039919.0
2042,F,6,1030654.0
2043,F,6,1021278.0
2044,F,6,1012218.0
2045,F,6,1003652.0
2046,F,6,995157.0
2047,F,6,986410.0
2048,F,6,977459.0
2049,F,6,968655.0
2050,F,6,959993.0
2051,F,6,951215.0
2052,F,6,942096.0
2053,F,6,932780.0
2054,F,6,923392.0
2055,F,6,913728.0
2056,F,6,903699.0
2057,F,6,893432.0
2058,F,6,883115.0
2059,F,6,872537.0
2060,F,6,861468.0
2061,F,6,850069.0
2062,F,6,838905.0
2063,F,6,828324.0
2064,F,6,817838.0
2065,F,6,807140.0
2066,F,6,796761.0
2067,F,6,787139.0
2068,F,6,778379.0
2069,F,6,770181.0
2070,F,6,762225.0
2000,F,7,1737371.0
2001,F,7,1736186.0
2002,F,7,1732659.0
2003,F,7,1725940.0
2004,F,7,1716148.0
2005,F,7,1706532.0
2006,F,7,1694898.0
2007,F,7,1671100.0
2008,F,7,1630866.0
2009,F,7,1592617.0
2010,F,7,1559961.0
2011,F,7,1533844.0
2012,F,7,1513191.0
2013,F,7,1501970.0
2014,F,7,1460617.0
2015,F,7,1444663.0
2016,F,7,1433752.0
2017,F,7,1407787.0
2018,F,7,1411560.0
2019,F,7,1418610.0
2020,F,7,1412618.0
2021,F,7,1427258.0
2022,F,7,1456537.0
2023,F,7,1425487.0
2024,F,7,1394774.0
2025,F,7,1415175.0
2026,F,7,1399725.0
2027,F,7,1346448.0
2028,F,7,1301834.0
2029,F,7,1258234.0
2030,F,7,1225637.0
2031,F,7,1205919.0
2032,F,7,1181493.0
2033,F,7,1160489.0
2034,F,7,1141656.0
2035,F,7,1124548.0
2036,F,7,1109200.0
2037,F,7,1095428.0
2038,F,7,1082627.0
2039,F,7,1070626.0
2040,F,7,1059445.0
2041,F,7,1049243.0
2042,F,7,1039751.0
2043,F,7,1030492.0
2044,F,7,1021117.0
2045,F,7,1012061.0
2046,F,7,1003499.0
2047,F,7,995008.0
2048,F,7,986265.0
2049,F,7,977318.0
2050,F,7,968517.0
2051,F,7,959858.0
2052,F,7,951083.0
2053,F,7,941968.0
2054,F,7,932656.0
2055,F,7,923271.0
2056,F,7,913611.0
2057,F,7,903584.0
2058,F,7,893320.0
2059,F,7,883007.0
2060,F,7,872433.0
2061,F,7,861366.0
2062,F,7,849970.0
2063,F,7,838809.0
2064,F,7,828229.0
2065,F,7,817746.0
2066,F,7,807051.0
2067,F,7,796672.0
2068,F,7,787053.0
2069,F,7,778295.0
2070,F,7,770103.0
2000,F,8,1733040.0
2001,F,8,1736866.0
2002,F,8,1735687.0
2003,F,8,1732180.0
2004,F,8,1725483.0
2005,F,8,1715708.0
2006,F,8,1706102.0
2007,F,8,1694479.0
2008,F,8,1670692.0
2009,F,8,1630469.0
2010,F,8,1592020.0
2011,F,8,1559122.0
2012,F,8,1533227.0
2013,F,8,1512740.0
2014,F,8,1501585.0
2015,F,8,1460224.0
2016,F,8,1444227.0
2017,F,8,1433273.0
2018,F,8,1407288.0
2019,F,8,1411302.0
2020,F,8,1418610.0
2021,F,8,1412631.0
2022,F,8,1427135.0
2023,F,8,1456285.0
2024,F,8,1425288.0
2025,F,8,1394591.0
2026,F,8,1414997.0
2027,F,8,1399561.0
2028,F,8,1346297.0
2029,F,8,1301694.0
2030,F,8,1258102.0
2031,F,8,1225514.0
2032,F,8,1205789.0
2033,F,8,1181363.0
2034,F,8,1160353.0
2035,F,8,1141515.0
2036,F,8,1124401.0
2037,F,8,1109044.0
2038,F,8,1095266.0
2039,F,8,1082459.0
2040,F,8,1070451.0
2041,F,8,1059271.0
2042,F,8,1049074.0
2043,F,8,1039589.0
2044,F,8,1030333.0
2045,F,8,1020959.0
2046,F,8,1011905.0
2047,F,8,1003348.0
2048,F,8,994861.0
2049,F,8,986123.0
2050,F,8,977178.0
2051,F,8,968381.0
2052,F,8,959727.0
2053,F,8,950954.0
2054,F,8,941841.0
2055,F,8,932534.0
2056,F,8,923153.0
2057,F,8,913494.0
2058,F,8,903471.0
2059,F,8,893213.0
2060,F,8,882902.0
2061,F,8,872330.0
2062,F,8,861267.0
2063,F,8,849872.0
2064,F,8,838715.0
2065,F,8,828137.0
2066,F,8,817657.0
2067,F,8,806963.0
2068,F,8,796586.0
2069,F,8,786971.0
2070,F,8,778215.0
2000,F,9,1727737.0
2001,F,9,1732553.0
2002,F,9,1736385.0
2003,F,9,1735217.0
2004,F,9,1731732.0
2005,F,9,1725050.0
2006,F,9,1715291.0
2007,F,9,1705696.0
2008,F,9,1694076.0
2009,F,9,1670301.0
2010,F,9,1629953.0
2011,F,9,1591373.0
2012,F,9,1558638.0
2013,F,9,1532885.0
2014,F,9,1512444.0
2015,F,9,1501289.0
2016,F,9,1459900.0
2017,F,9,1443886.0
2018,F,9,1432937.0
2019,F,9,1407170.0
2020,F,9,1411367.0
2021,F,9,1418667.0
2022,F,9,1412587.0
2023,F,9,1426969.0
2024,F,9,1456154.0
2025,F,9,1425158.0
2026,F,9,1394462.0
2027,F,9,1414859.0
2028,F,9,1399427.0
2029,F,9,1346164.0
2030,F,9,1301559.0
2031,F,9,1257968.0
2032,F,9,1225377.0
2033,F,9,1205648.0
2034,F,9,1181217.0
2035,F,9,1160201.0
2036,F,9,1141358.0
2037,F,9,1124239.0
2038,F,9,1108878.0
2039,F,9,1095095.0
2040,F,9,1082283.0
2041,F,9,1070275.0
2042,F,9,1059098.0
2043,F,9,1048906.0
2044,F,9,1039427.0
2045,F,9,1030177.0
2046,F,9,1020805.0
2047,F,9,1011754.0
2048,F,9,1003200.0
2049,F,9,994717.0
2050,F,9,985984.0
2051,F,9,977044.0
2052,F,9,968251.0
2053,F,9,959599.0
2054,F,9,950827.0
2055,F,9,941717.0
2056,F,9,932414.0
2057,F,9,923036.0
2058,F,9,913379.0
2059,F,9,903360.0
2060,F,9,893107.0
2061,F,9,882797.0
2062,F,9,872230.0
2063,F,9,861170.0
2064,F,9,849777.0
2065,F,9,838624.0
2066,F,9,828046.0
2067,F,9,817567.0
2068,F,9,806875.0
2069,F,9,796502.0
2070,F,9,786887.0
2000,F,10,1729198.0
2001,F,10,1727274.0
2002,F,10,1732093.0
2003,F,10,1735932.0
2004,F,10,1734780.0
2005,F,10,1731300.0
2006,F,10,1724621.0
2007,F,10,1714870.0
2008,F,10,1705295.0
2009,F,10,1693687.0
2010,F,10,1669853.0
2011,F,10,1629431.0
2012,F,10,1590990.0
2013,F,10,1558356.0
2014,F,10,1532659.0
2015,F,10,1512204.0
2016,F,10,1501038.0
2017,F,10,1459647.0
2018,F,10,1443651.0
2019,F,10,1432874.0
2020,F,10,1407259.0
2021,F,10,1411444.0
2022,F,10,1418649.0
2023,F,10,1412525.0
2024,F,10,1426902.0
2025,F,10,1456072.0
2026,F,10,1425064.0
2027,F,10,1394358.0
2028,F,10,1414739.0
2029,F,10,1399297.0
2030,F,10,1346027.0
2031,F,10,1301419.0
2032,F,10,1257827.0
2033,F,10,1225233.0
2034,F,10,1205497.0
2035,F,10,1181065.0
2036,F,10,1160043.0
2037,F,10,1141198.0
2038,F,10,1124075.0
2039,F,10,1108707.0
2040,F,10,1094919.0
2041,F,10,1082108.0
2042,F,10,1070105.0
2043,F,10,1058932.0
2044,F,10,1048747.0
2045,F,10,1039273.0
2046,F,10,1030027.0
2047,F,10,1020658.0
2048,F,10,1011608.0
2049,F,10,1003058.0
2050,F,10,994580.0
2051,F,10,985850.0
2052,F,10,976914.0
2053,F,10,968124.0
2054,F,10,959476.0
2055,F,10,950710.0
2056,F,10,941600.0
2057,F,10,932302.0
2058,F,10,922927.0
2059,F,10,913273.0
2060,F,10,903256.0
2061,F,10,893006.0
2062,F,10,882701.0
2063,F,10,872135.0
2064,F,10,861080.0
2065,F,10,849688.0
2066,F,10,838537.0
2067,F,10,827962.0
2068,F,10,817484.0
2069,F,10,806795.0
2070,F,10,796426.0
2000,F,11,1740941.0
2001,F,11,1728712.0
2002,F,11,1726817.0
2003,F,11,1731634.0
2004,F,11,1735474.0
2005,F,11,1734335.0
2006,F,11,1730860.0
2007,F,11,1724189.0
2008,F,11,1714448.0
2009,F,11,1704886.0
2010,F,11,1693262.0
2011,F,11,1669412.0
2012,F,11,1629102.0
2013,F,11,1590754.0
2014,F,11,1558170.0
2015,F,11,1532488.0
2016,F,11,1512019.0
2017,F,11,1500850.0
2018,F,11,1459487.0
2019,F,11,1443635.0
2020,F,11,1432943.0
2021,F,11,1407324.0
2022,F,11,1411443.0
2023,F,11,1418619.0
2024,F,11,1412499.0
2025,F,11,1426856.0
2026,F,11,1456004.0
2027,F,11,1424975.0
2028,F,11,1394253.0
2029,F,11,1414613.0
2030,F,11,1399153.0
2031,F,11,1345880.0
2032,F,11,1301271.0
2033,F,11,1257680.0
2034,F,11,1225082.0
2035,F,11,1205344.0
2036,F,11,1180909.0
2037,F,11,1159883.0
2038,F,11,1141033.0
2039,F,11,1123907.0
2040,F,11,1108535.0
2041,F,11,1094744.0
2042,F,11,1081941.0
2043,F,11,1069944.0
2044,F,11,1058774.0
2045,F,11,1048593.0
2046,F,11,1039123.0
2047,F,11,1029885.0
2048,F,11,1020519.0
2049,F,11,1011471.0
2050,F,11,1002927.0
2051,F,11,994452.0
2052,F,11,985725.0
2053,F,11,976793.0
2054,F,11,968005.0
2055,F,11,959362.0
2056,F,11,950603.0
2057,F,11,941494.0
2058,F,11,932196.0
2059,F,11,922825.0
2060,F,11,913175.0
2061,F,11,903157.0
2062,F,11,892912.0
2063,F,11,882609.0
2064,F,11,872046.0
2065,F,11,860996.0
2066,F,11,849605.0
2067,F,11,838458.0
2068,F,11,827884.0
2069,F,11,817409.0
2070,F,11,806723.0
2000,F,12,1759334.0
2001,F,12,1740405.0
2002,F,12,1728189.0
2003,F,12,1726321.0
2004,F,12,1731146.0
2005,F,12,1734996.0
2006,F,12,1733863.0
2007,F,12,1730399.0
2008,F,12,1723743.0
2009,F,12,1714009.0
2010,F,12,1704460.0
2011,F,12,1692846.0
2012,F,12,1669093.0
2013,F,12,1628861.0
2014,F,12,1590551.0
2015,F,12,1557989.0
2016,F,12,1532314.0
2017,F,12,1511853.0
2018,F,12,1500714.0
2019,F,12,1459499.0
2020,F,12,1443712.0
2021,F,12,1432969.0
2022,F,12,1407343.0
2023,F,12,1411429.0
2024,F,12,1418604.0
2025,F,12,1412468.0
2026,F,12,1426801.0
2027,F,12,1455923.0
2028,F,12,1424872.0
2029,F,12,1394125.0
2030,F,12,1414460.0
2031,F,12,1398994.0
2032,F,12,1345724.0
2033,F,12,1301113.0
2034,F,12,1257522.0
2035,F,12,1224922.0
2036,F,12,1205182.0
2037,F,12,1180743.0
2038,F,12,1159715.0
2039,F,12,1140862.0
2040,F,12,1123731.0
2041,F,12,1108359.0
2042,F,12,1094576.0
2043,F,12,1081775.0
2044,F,12,1069784.0
2045,F,12,1058618.0
2046,F,12,1048443.0
2047,F,12,1038978.0
2048,F,12,1029741.0
2049,F,12,1020382.0
2050,F,12,1011336.0
2051,F,12,1002798.0
2052,F,12,994328.0
2053,F,12,985603.0
2054,F,12,976675.0
2055,F,12,967891.0
2056,F,12,959250.0
2057,F,12,950495.0
2058,F,12,941387.0
2059,F,12,932095.0
2060,F,12,922724.0
2061,F,12,913076.0
2062,F,12,903059.0
2063,F,12,892819.0
2064,F,12,882520.0
2065,F,12,871961.0
2066,F,12,860913.0
2067,F,12,849522.0
2068,F,12,838380.0
2069,F,12,827808.0
2070,F,12,817333.0
2000,F,13,1777997.0
2001,F,13,1758725.0
2002,F,13,1739816.0
2003,F,13,1727628.0
2004,F,13,1725780.0
2005,F,13,1730621.0
2006,F,13,1734485.0
2007,F,13,1733353.0
2008,F,13,1729894.0
2009,F,13,1723241.0
2010,F,13,1713484.0
2011,F,13,1703993.0
2012,F,13,1692467.0
2013,F,13,1668793.0
2014,F,13,1628593.0
2015,F,13,1590289.0
2016,F,13,1557737.0
2017,F,13,1532055.0
2018,F,13,1511641.0
2019,F,13,1500665.0
2020,F,13,1459504.0
2021,F,13,1443710.0
2022,F,13,1432900.0
2023,F,13,1407278.0
2024,F,13,1411400.0
2025,F,13,1418560.0
2026,F,13,1412404.0
2027,F,13,1426716.0
2028,F,13,1455809.0
2029,F,13,1424738.0
2030,F,13,1393971.0
2031,F,13,1414290.0
2032,F,13,1398828.0
2033,F,13,1345558.0
2034,F,13,1300948.0
2035,F,13,1257359.0
2036,F,13,1224756.0
2037,F,13,1205010.0
2038,F,13,1180568.0
2039,F,13,1159540.0
2040,F,13,1140681.0
2041,F,13,1123553.0
2042,F,13,1108186.0
2043,F,13,1094409.0
2044,F,13,1081615.0
2045,F,13,1069631.0
2046,F,13,1058468.0
2047,F,13,1048296.0
2048,F,13,1038836.0
2049,F,13,1029602.0
2050,F,13,1020247.0
2051,F,13,1011205.0
2052,F,13,1002673.0
2053,F,13,994208.0
2054,F,13,985483.0
2055,F,13,976560.0
2056,F,13,967778.0
2057,F,13,959140.0
2058,F,13,950386.0
2059,F,13,941283.0
2060,F,13,931995.0
2061,F,13,922625.0
2062,F,13,912983.0
2063,F,13,902966.0
2064,F,13,892728.0
2065,F,13,882434.0
2066,F,13,871877.0
2067,F,13,860830.0
2068,F,13,849442.0
2069,F,13,838303.0
2070,F,13,827732.0
2000,F,14,1791420.0
2001,F,14,1777298.0
2002,F,14,1758037.0
2003,F,14,1739153.0
2004,F,14,1727014.0
2005,F,14,1725180.0
2006,F,14,1730041.0
2007,F,14,1733898.0
2008,F,14,1732768.0
2009,F,14,1729308.0
2010,F,14,1722463.0
2011,F,14,1712753.0
2012,F,14,1703398.0
2013,F,14,1691943.0
2014,F,14,1668325.0
2015,F,14,1628097.0
2016,F,14,1589810.0
2017,F,14,1557227.0
2018,F,14,1531559.0
2019,F,14,1511378.0
2020,F,14,1500506.0
2021,F,14,1459311.0
2022,F,14,1443437.0
2023,F,14,1432650.0
2024,F,14,1407147.0
2025,F,14,1411269.0
2026,F,14,1418421.0
2027,F,14,1412262.0
2028,F,14,1426568.0
2029,F,14,1455647.0
2030,F,14,1424571.0
2031,F,14,1393797.0
2032,F,14,1414112.0
2033,F,14,1398653.0
2034,F,14,1345386.0
2035,F,14,1300771.0
2036,F,14,1257184.0
2037,F,14,1224582.0
2038,F,14,1204833.0
2039,F,14,1180387.0
2040,F,14,1159358.0
2041,F,14,1140501.0
2042,F,14,1123374.0
2043,F,14,1108017.0
2044,F,14,1094247.0
2045,F,14,1081457.0
2046,F,14,1069477.0
2047,F,14,1058321.0
2048,F,14,1048152.0
2049,F,14,1038697.0
2050,F,14,1029465.0
2051,F,14,1020116.0
2052,F,14,1011078.0
2053,F,14,1002549.0
2054,F,14,994087.0
2055,F,14,985366.0
2056,F,14,976447.0
2057,F,14,967668.0
2058,F,14,959031.0
2059,F,14,950283.0
2060,F,14,941180.0
2061,F,14,931893.0
2062,F,14,922527.0
2063,F,14,912887.0
2064,F,14,902874.0
2065,F,14,892640.0
2066,F,14,882350.0
2067,F,14,871794.0
2068,F,14,860750.0
2069,F,14,849363.0
2070,F,14,838228.0
2000,F,15,1799353.0
2001,F,15,1790614.0
2002,F,15,1776505.0
2003,F,15,1757264.0
2004,F,15,1738406.0
2005,F,15,1726305.0
2006,F,15,1724490.0
2007,F,15,1729368.0
2008,F,15,1733228.0
2009,F,15,1732106.0
2010,F,15,1727977.0
2011,F,15,1721090.0
2012,F,15,1711646.0
2013,F,15,1702423.0
2014,F,15,1691012.0
2015,F,15,1667339.0
2016,F,15,1627083.0
2017,F,15,1588694.0
2018,F,15,1556082.0
2019,F,15,1530893.0
2020,F,15,1510895.0
2021,F,15,1500046.0
2022,F,15,1458550.0
2023,F,15,1442756.0
2024,F,15,1432089.0
2025,F,15,1406646.0
2026,F,15,1410806.0
2027,F,15,1418004.0
2028,F,15,1411893.0
2029,F,15,1426239.0
2030,F,15,1455354.0
2031,F,15,1424286.0
2032,F,15,1393518.0
2033,F,15,1413829.0
2034,F,15,1398373.0
2035,F,15,1345120.0
2036,F,15,1300502.0
2037,F,15,1256923.0
2038,F,15,1224322.0
2039,F,15,1204574.0
2040,F,15,1180129.0
2041,F,15,1159103.0
2042,F,15,1140259.0
2043,F,15,1123142.0
2044,F,15,1107790.0
2045,F,15,1094026.0
2046,F,15,1081244.0
2047,F,15,1069268.0
2048,F,15,1058122.0
2049,F,15,1047959.0
2050,F,15,1038508.0
2051,F,15,1029283.0
2052,F,15,1019937.0
2053,F,15,1010906.0
2054,F,15,1002380.0
2055,F,15,993926.0
2056,F,15,985206.0
2057,F,15,976295.0
2058,F,15,967517.0
2059,F,15,958889.0
2060,F,15,950144.0
2061,F,15,941042.0
2062,F,15,931761.0
2063,F,15,922398.0
2064,F,15,912759.0
2065,F,15,902753.0
2066,F,15,892522.0
2067,F,15,882235.0
2068,F,15,871684.0
2069,F,15,860643.0
2070,F,15,849260.0
2000,F,16,1799465.0
2001,F,16,1798428.0
2002,F,16,1789714.0
2003,F,16,1775625.0
2004,F,16,1756409.0
2005,F,16,1737582.0
2006,F,16,1725513.0
2007,F,16,1723715.0
2008,F,16,1728602.0
2009,F,16,1732470.0
2010,F,16,1729897.0
2011,F,16,1725405.0
2012,F,16,1719027.0
2013,F,16,1709858.0
2014,F,16,1700722.0
2015,F,16,1689157.0
2016,F,16,1665415.0
2017,F,16,1624895.0
2018,F,16,1586384.0
2019,F,16,1554636.0
2020,F,16,1529939.0
2021,F,16,1509993.0
2022,F,16,1498525.0
2023,F,16,1457071.0
2024,F,16,1441488.0
2025,F,16,1430972.0
2026,F,16,1405685.0
2027,F,16,1409979.0
2028,F,16,1417305.0
2029,F,16,1411335.0
2030,F,16,1425810.0
2031,F,16,1454955.0
2032,F,16,1423898.0
2033,F,16,1393138.0
2034,F,16,1413445.0
2035,F,16,1397996.0
2036,F,16,1344756.0
2037,F,16,1300149.0
2038,F,16,1256575.0
2039,F,16,1223982.0
2040,F,16,1204235.0
2041,F,16,1179802.0
2042,F,16,1158787.0
2043,F,16,1139953.0
2044,F,16,1122848.0
2045,F,16,1107507.0
2046,F,16,1093754.0
2047,F,16,1080979.0
2048,F,16,1069011.0
2049,F,16,1057874.0
2050,F,16,1047719.0
2051,F,16,1038274.0
2052,F,16,1029055.0
2053,F,16,1019714.0
2054,F,16,1010691.0
2055,F,16,1002172.0
2056,F,16,993724.0
2057,F,16,985011.0
2058,F,16,976104.0
2059,F,16,967334.0
2060,F,16,958712.0
2061,F,16,949970.0
2062,F,16,940872.0
2063,F,16,931594.0
2064,F,16,922238.0
2065,F,16,912603.0
2066,F,16,902603.0
2067,F,16,892375.0
2068,F,16,882094.0
2069,F,16,871544.0
2070,F,16,860510.0
2000,F,17,1792400.0
2001,F,17,1798438.0
2002,F,17,1797425.0
2003,F,17,1788731.0
2004,F,17,1774670.0
2005,F,17,1755487.0
2006,F,17,1736697.0
2007,F,17,1724651.0
2008,F,17,1722871.0
2009,F,17,1727763.0
2010,F,17,1729131.0
2011,F,17,1725599.0
2012,F,17,1721996.0
2013,F,17,1716119.0
2014,F,17,1707093.0
2015,F,17,1697680.0
2016,F,17,1685939.0
2017,F,17,1661730.0
2018,F,17,1620902.0
2019,F,17,1583775.0
2020,F,17,1552996.0
2021,F,17,1528431.0
2022,F,17,1507414.0
2023,F,17,1495876.0
2024,F,17,1454969.0
2025,F,17,1439679.0
2026,F,17,1429439.0
2027,F,17,1404438.0
2028,F,17,1408990.0
2029,F,17,1416574.0
2030,F,17,1410869.0
2031,F,17,1425433.0
2032,F,17,1454566.0
2033,F,17,1423521.0
2034,F,17,1392769.0
2035,F,17,1413070.0
2036,F,17,1397624.0
2037,F,17,1344395.0
2038,F,17,1299794.0
2039,F,17,1256229.0
2040,F,17,1223638.0
2041,F,17,1203900.0
2042,F,17,1179481.0
2043,F,17,1158477.0
2044,F,17,1139654.0
2045,F,17,1122560.0
2046,F,17,1107229.0
2047,F,17,1093487.0
2048,F,17,1080719.0
2049,F,17,1068759.0
2050,F,17,1057630.0
2051,F,17,1047484.0
2052,F,17,1038044.0
2053,F,17,1028829.0
2054,F,17,1019498.0
2055,F,17,1010479.0
2056,F,17,1001966.0
2057,F,17,993526.0
2058,F,17,984818.0
2059,F,17,975915.0
2060,F,17,967150.0
2061,F,17,958534.0
2062,F,17,949796.0
2063,F,17,940704.0
2064,F,17,931433.0
2065,F,17,922080.0
2066,F,17,912449.0
2067,F,17,902455.0
2068,F,17,892227.0
2069,F,17,881954.0
2070,F,17,871409.0
2000,F,18,1784971.0
2001,F,18,1791299.0
2002,F,18,1797361.0
2003,F,18,1796371.0
2004,F,18,1787699.0
2005,F,18,1773679.0
2006,F,18,1754537.0
2007,F,18,1735772.0
2008,F,18,1723745.0
2009,F,18,1721970.0
2010,F,18,1723239.0
2011,F,18,1722822.0
2012,F,18,1720638.0
2013,F,18,1717811.0
2014,F,18,1712154.0
2015,F,18,1702714.0
2016,F,18,1692992.0
2017,F,18,1680559.0
2018,F,18,1655803.0
2019,F,18,1616899.0
2020,F,18,1581346.0
2021,F,18,1550801.0
2022,F,18,1524691.0
2023,F,18,1503384.0
2024,F,18,1492740.0
2025,F,18,1452336.0
2026,F,18,1437490.0
2027,F,18,1427678.0
2028,F,18,1403110.0
2029,F,18,1408061.0
2030,F,18,1416045.0
2031,F,18,1410509.0
2032,F,18,1425070.0
2033,F,18,1454189.0
2034,F,18,1423153.0
2035,F,18,1392406.0
2036,F,18,1412699.0
2037,F,18,1397257.0
2038,F,18,1344034.0
2039,F,18,1299435.0
2040,F,18,1255877.0
2041,F,18,1223296.0
2042,F,18,1203569.0
2043,F,18,1179166.0
2044,F,18,1158173.0
2045,F,18,1139363.0
2046,F,18,1122278.0
2047,F,18,1106957.0
2048,F,18,1093226.0
2049,F,18,1080465.0
2050,F,18,1068511.0
2051,F,18,1057393.0
2052,F,18,1047252.0
2053,F,18,1037817.0
2054,F,18,1028611.0
2055,F,18,1019286.0
2056,F,18,1010274.0
2057,F,18,1001769.0
2058,F,18,993332.0
2059,F,18,984628.0
2060,F,18,975731.0
2061,F,18,966971.0
2062,F,18,958362.0
2063,F,18,949628.0
2064,F,18,940541.0
2065,F,18,931275.0
2066,F,18,921924.0
2067,F,18,912300.0
2068,F,18,902308.0
2069,F,18,892089.0
2070,F,18,881818.0
2000,F,19,1774703.0
2001,F,19,1783828.0
2002,F,19,1790185.0
2003,F,19,1796259.0
2004,F,19,1795302.0
2005,F,19,1786660.0
2006,F,19,1772686.0
2007,F,19,1753571.0
2008,F,19,1734818.0
2009,F,19,1722799.0
2010,F,19,1716403.0
2011,F,19,1714965.0
2012,F,19,1716353.0
2013,F,19,1715256.0
2014,F,19,1712716.0
2015,F,19,1706523.0
2016,F,19,1696620.0
2017,F,19,1685999.0
2018,F,19,1672767.0
2019,F,19,1650421.0
2020,F,19,1613729.0
2021,F,19,1578494.0
2022,F,19,1545988.0
2023,F,19,1519308.0
2024,F,19,1499280.0
2025,F,19,1489246.0
2026,F,19,1449494.0
2027,F,19,1435236.0
2028,F,19,1425994.0
2029,F,19,1401992.0
2030,F,19,1407479.0
2031,F,19,1415700.0
2032,F,19,1410166.0
2033,F,19,1424716.0
2034,F,19,1453825.0
2035,F,19,1422794.0
2036,F,19,1392048.0
2037,F,19,1412328.0
2038,F,19,1396885.0
2039,F,19,1343668.0
2040,F,19,1299074.0
2041,F,19,1255528.0
2042,F,19,1222963.0
2043,F,19,1203248.0
2044,F,19,1178858.0
2045,F,19,1157877.0
2046,F,19,1139077.0
2047,F,19,1122003.0
2048,F,19,1106693.0
2049,F,19,1092967.0
2050,F,19,1080213.0
2051,F,19,1068269.0
2052,F,19,1057158.0
2053,F,19,1047026.0
2054,F,19,1037596.0
2055,F,19,1028397.0
2056,F,19,1019079.0
2057,F,19,1010075.0
2058,F,19,1001573.0
2059,F,19,993141.0
2060,F,19,984445.0
2061,F,19,975552.0
2062,F,19,966798.0
2063,F,19,958192.0
2064,F,19,949465.0
2065,F,19,940383.0
2066,F,19,931120.0
2067,F,19,921773.0
2068,F,19,912153.0
2069,F,19,902168.0
2070,F,19,891949.0
2000,F,20,1751582.0
2001,F,20,1773541.0
2002,F,20,1782690.0
2003,F,20,1789059.0
2004,F,20,1795168.0
2005,F,20,1794235.0
2006,F,20,1785635.0
2007,F,20,1771694.0
2008,F,20,1752591.0
2009,F,20,1733842.0
2010,F,20,1716454.0
2011,F,20,1706504.0
2012,F,20,1707248.0
2013,F,20,1709995.0
2014,F,20,1709244.0
2015,F,20,1706080.0
2016,F,20,1699292.0
2017,F,20,1688337.0
2018,F,20,1676684.0
2019,F,20,1666225.0
2020,F,20,1646636.0
2021,F,20,1610344.0
2022,F,20,1572841.0
2023,F,20,1539478.0
2024,F,20,1514292.0
2025,F,20,1495028.0
2026,F,20,1485719.0
2027,F,20,1446735.0
2028,F,20,1433171.0
2029,F,20,1424605.0
2030,F,20,1401271.0
2031,F,20,1407059.0
2032,F,20,1415277.0
2033,F,20,1409745.0
2034,F,20,1424285.0
2035,F,20,1453379.0
2036,F,20,1422349.0
2037,F,20,1391610.0
2038,F,20,1411874.0
2039,F,20,1396429.0
2040,F,20,1343217.0
2041,F,20,1298640.0
2042,F,20,1255119.0
2043,F,20,1222569.0
2044,F,20,1202871.0
2045,F,20,1178494.0
2046,F,20,1157527.0
2047,F,20,1138742.0
2048,F,20,1121677.0
2049,F,20,1106381.0
2050,F,20,1092665.0
2051,F,20,1079920.0
2052,F,20,1067986.0
2053,F,20,1056884.0
2054,F,20,1046759.0
2055,F,20,1037338.0
2056,F,20,1028145.0
2057,F,20,1018831.0
2058,F,20,1009838.0
2059,F,20,1001342.0
2060,F,20,992916.0
2061,F,20,984227.0
2062,F,20,975339.0
2063,F,20,966593.0
2064,F,20,957988.0
2065,F,20,949270.0
2066,F,20,940195.0
2067,F,20,930935.0
2068,F,20,921598.0
2069,F,20,911977.0
2070,F,20,902000.0
2000,F,21,1712322.0
2001,F,21,1750400.0
2002,F,21,1772379.0
2003,F,21,1781541.0
2004,F,21,1787936.0
2005,F,21,1794080.0
2006,F,21,1793178.0
2007,F,21,1784618.0
2008,F,21,1770683.0
2009,F,21,1751578.0
2010,F,21,1727026.0
2011,F,21,1705427.0
2012,F,21,1697926.0
2013,F,21,1700227.0
2014,F,21,1703366.0
2015,F,21,1701944.0
2016,F,21,1698069.0
2017,F,21,1690141.0
2018,F,21,1677982.0
2019,F,21,1669321.0
2020,F,21,1662027.0
2021,F,21,1642880.0
2022,F,21,1604130.0
2023,F,21,1565549.0
2024,F,21,1533818.0
2025,F,21,1509503.0
2026,F,21,1491066.0
2027,F,21,1482546.0
2028,F,21,1444385.0
2029,F,21,1431581.0
2030,F,21,1423755.0
2031,F,21,1400775.0
2032,F,21,1406555.0
2033,F,21,1414771.0
2034,F,21,1409244.0
2035,F,21,1423769.0
2036,F,21,1452843.0
2037,F,21,1421817.0
2038,F,21,1391084.0
2039,F,21,1411330.0
2040,F,21,1395881.0
2041,F,21,1342692.0
2042,F,21,1298142.0
2043,F,21,1254649.0
2044,F,21,1222119.0
2045,F,21,1202438.0
2046,F,21,1178077.0
2047,F,21,1157127.0
2048,F,21,1138355.0
2049,F,21,1121303.0
2050,F,21,1106023.0
2051,F,21,1092319.0
2052,F,21,1079586.0
2053,F,21,1067660.0
2054,F,21,1056568.0
2055,F,21,1046453.0
2056,F,21,1037040.0
2057,F,21,1027854.0
2058,F,21,1018549.0
2059,F,21,1009565.0
2060,F,21,1001079.0
2061,F,21,992658.0
2062,F,21,983975.0
2063,F,21,975096.0
2064,F,21,966356.0
2065,F,21,957757.0
2066,F,21,949044.0
2067,F,21,939978.0
2068,F,21,930724.0
2069,F,21,921391.0
2070,F,21,911779.0
2000,F,22,1661695.0
2001,F,22,1711115.0
2002,F,22,1749211.0
2003,F,22,1771204.0
2004,F,22,1780388.0
2005,F,22,1786814.0
2006,F,22,1792989.0
2007,F,22,1792123.0
2008,F,22,1783568.0
2009,F,22,1769639.0
2010,F,22,1744562.0
2011,F,22,1715406.0
2012,F,22,1696389.0
2013,F,22,1690573.0
2014,F,22,1693285.0
2015,F,22,1695739.0
2016,F,22,1693539.0
2017,F,22,1688493.0
2018,F,22,1679273.0
2019,F,22,1670183.0
2020,F,22,1664920.0
2021,F,22,1658078.0
2022,F,22,1636418.0
2023,F,22,1596424.0
2024,F,22,1559642.0
2025,F,22,1528842.0
2026,F,22,1505404.0
2027,F,22,1487807.0
2028,F,22,1480089.0
2029,F,22,1442753.0
2030,F,22,1430722.0
2031,F,22,1423270.0
2032,F,22,1400293.0
2033,F,22,1406064.0
2034,F,22,1414273.0
2035,F,22,1408743.0
2036,F,22,1423254.0
2037,F,22,1452308.0
2038,F,22,1421284.0
2039,F,22,1390551.0
2040,F,22,1410776.0
2041,F,22,1395336.0
2042,F,22,1342180.0
2043,F,22,1297657.0
2044,F,22,1254188.0
2045,F,22,1221679.0
2046,F,22,1202015.0
2047,F,22,1177670.0
2048,F,22,1156735.0
2049,F,22,1137976.0
2050,F,22,1120940.0
2051,F,22,1105672.0
2052,F,22,1091977.0
2053,F,22,1079260.0
2054,F,22,1067343.0
2055,F,22,1056259.0
2056,F,22,1046153.0
2057,F,22,1036748.0
2058,F,22,1027567.0
2059,F,22,1018271.0
2060,F,22,1009301.0
2061,F,22,1000820.0
2062,F,22,992406.0
2063,F,22,983728.0
2064,F,22,974856.0
2065,F,22,966122.0
2066,F,22,957531.0
2067,F,22,948825.0
2068,F,22,939764.0
2069,F,22,930518.0
2070,F,22,921190.0
2000,F,23,1605457.0
2001,F,23,1660466.0
2002,F,23,1709899.0
2003,F,23,1748009.0
2004,F,23,1770021.0
2005,F,23,1779231.0
2006,F,23,1785687.0
2007,F,23,1791889.0
2008,F,23,1791032.0
2009,F,23,1782476.0
2010,F,23,1762659.0
2011,F,23,1732810.0
2012,F,23,1706276.0
2013,F,23,1688984.0
2014,F,23,1683596.0
2015,F,23,1685628.0
2016,F,23,1687286.0
2017,F,23,1683930.0
2018,F,23,1677568.0
2019,F,23,1671388.0
2020,F,23,1665785.0
2021,F,23,1660933.0
2022,F,23,1651615.0
2023,F,23,1628635.0
2024,F,23,1590507.0
2025,F,23,1554668.0
2026,F,23,1524761.0
2027,F,23,1502167.0
2028,F,23,1485382.0
2029,F,23,1478441.0
2030,F,23,1441896.0
2031,F,23,1430250.0
2032,F,23,1422794.0
2033,F,23,1399818.0
2034,F,23,1405577.0
2035,F,23,1413779.0
2036,F,23,1408241.0
2037,F,23,1422739.0
2038,F,23,1451766.0
2039,F,23,1420742.0
2040,F,23,1390007.0
2041,F,23,1410224.0
2042,F,23,1394804.0
2043,F,23,1341677.0
2044,F,23,1297182.0
2045,F,23,1253737.0
2046,F,23,1221250.0
2047,F,23,1201599.0
2048,F,23,1177271.0
2049,F,23,1156353.0
2050,F,23,1137607.0
2051,F,23,1120585.0
2052,F,23,1105329.0
2053,F,23,1091645.0
2054,F,23,1078937.0
2055,F,23,1067030.0
2056,F,23,1055955.0
2057,F,23,1045859.0
2058,F,23,1036461.0
2059,F,23,1027288.0
2060,F,23,1018003.0
2061,F,23,1009040.0
2062,F,23,1000564.0
2063,F,23,992157.0
2064,F,23,983489.0
2065,F,23,974623.0
2066,F,23,965894.0
2067,F,23,957309.0
2068,F,23,948607.0
2069,F,23,939554.0
2070,F,23,930314.0
2000,F,24,1552326.0
2001,F,24,1604210.0
2002,F,24,1659229.0
2003,F,24,1708674.0
2004,F,24,1746792.0
2005,F,24,1768834.0
2006,F,24,1778057.0
2007,F,24,1784538.0
2008,F,24,1790747.0
2009,F,24,1789886.0
2010,F,24,1775694.0
2011,F,24,1751143.0
2012,F,24,1723856.0
2013,F,24,1699035.0
2014,F,24,1682171.0
2015,F,24,1676141.0
2016,F,24,1677387.0
2017,F,24,1677939.0
2018,F,24,1673309.0
2019,F,24,1669883.0
2020,F,24,1667125.0
2021,F,24,1661894.0
2022,F,24,1654660.0
2023,F,24,1644004.0
2024,F,24,1622870.0
2025,F,24,1585659.0
2026,F,24,1550699.0
2027,F,24,1521623.0
2028,F,24,1499815.0
2029,F,24,1483792.0
2030,F,24,1477585.0
2031,F,24,1441429.0
2032,F,24,1429780.0
2033,F,24,1422319.0
2034,F,24,1399337.0
2035,F,24,1405088.0
2036,F,24,1413277.0
2037,F,24,1407734.0
2038,F,24,1422213.0
2039,F,24,1451212.0
2040,F,24,1420188.0
2041,F,24,1389466.0
2042,F,24,1409684.0
2043,F,24,1394281.0
2044,F,24,1341185.0
2045,F,24,1296716.0
2046,F,24,1253292.0
2047,F,24,1220830.0
2048,F,24,1201193.0
2049,F,24,1176881.0
2050,F,24,1155979.0
2051,F,24,1137244.0
2052,F,24,1120233.0
2053,F,24,1104991.0
2054,F,24,1091320.0
2055,F,24,1078622.0
2056,F,24,1066726.0
2057,F,24,1055659.0
2058,F,24,1045572.0
2059,F,24,1036177.0
2060,F,24,1027015.0
2061,F,24,1017740.0
2062,F,24,1008784.0
2063,F,24,1000313.0
2064,F,24,991916.0
2065,F,24,983254.0
2066,F,24,974392.0
2067,F,24,965669.0
2068,F,24,957091.0
2069,F,24,948393.0
2070,F,24,939348.0
2000,F,25,1507517.0
2001,F,25,1551061.0
2002,F,25,1602949.0
2003,F,25,1657975.0
2004,F,25,1707429.0
2005,F,25,1745557.0
2006,F,25,1767616.0
2007,F,25,1776851.0
2008,F,25,1783338.0
2009,F,25,1789545.0
2010,F,25,1783406.0
2011,F,25,1764666.0
2012,F,25,1742568.0
2013,F,25,1716934.0
2014,F,25,1692517.0
2015,F,25,1675062.0
2016,F,25,1668293.0
2017,F,25,1668508.0
2018,F,25,1667852.0
2019,F,25,1666009.0
2020,F,25,1665856.0
2021,F,25,1663399.0
2022,F,25,1655935.0
2023,F,25,1647407.0
2024,F,25,1638418.0
2025,F,25,1618106.0
2026,F,25,1581737.0
2027,F,25,1547582.0
2028,F,25,1519266.0
2029,F,25,1498190.0
2030,F,25,1482869.0
2031,F,25,1477018.0
2032,F,25,1440874.0
2033,F,25,1429227.0
2034,F,25,1421760.0
2035,F,25,1398775.0
2036,F,25,1404516.0
2037,F,25,1412691.0
2038,F,25,1407140.0
2039,F,25,1421601.0
2040,F,25,1450575.0
2041,F,25,1419563.0
2042,F,25,1388867.0
2043,F,25,1409090.0
2044,F,25,1393704.0
2045,F,25,1340641.0
2046,F,25,1296201.0
2047,F,25,1252805.0
2048,F,25,1220364.0
2049,F,25,1200747.0
2050,F,25,1176451.0
2051,F,25,1155566.0
2052,F,25,1136846.0
2053,F,25,1119850.0
2054,F,25,1104619.0
2055,F,25,1090962.0
2056,F,25,1078271.0
2057,F,25,1066391.0
2058,F,25,1055331.0
2059,F,25,1045253.0
2060,F,25,1035869.0
2061,F,25,1026715.0
2062,F,25,1017448.0
2063,F,25,1008499.0
2064,F,25,1000040.0
2065,F,25,991647.0
2066,F,25,982993.0
2067,F,25,974139.0
2068,F,25,965422.0
2069,F,25,956848.0
2070,F,25,948161.0
2000,F,26,1475805.0
2001,F,26,1506230.0
2002,F,26,1549775.0
2003,F,26,1601673.0
2004,F,26,1656699.0
2005,F,26,1706164.0
2006,F,26,1744290.0
2007,F,26,1766354.0
2008,F,26,1775589.0
2009,F,26,1782074.0
2010,F,26,1783430.0
2011,F,26,1773034.0
2012,F,26,1756592.0
2013,F,26,1736043.0
2014,F,26,1710804.0
2015,F,26,1685845.0
2016,F,26,1667708.0
2017,F,26,1660003.0
2018,F,26,1659096.0
2019,F,26,1661037.0
2020,F,26,1662256.0
2021,F,26,1662323.0
2022,F,26,1657808.0
2023,F,26,1649139.0
2024,F,26,1642092.0
2025,F,26,1633830.0
2026,F,26,1614270.0
2027,F,26,1578663.0
2028,F,26,1545231.0
2029,F,26,1517609.0
2030,F,26,1497196.0
2031,F,26,1482214.0
2032,F,26,1476361.0
2033,F,26,1440231.0
2034,F,26,1428583.0
2035,F,26,1421114.0
2036,F,26,1398128.0
2037,F,26,1403857.0
2038,F,26,1412019.0
2039,F,26,1406460.0
2040,F,26,1420902.0
2041,F,26,1449862.0
2042,F,26,1418879.0
2043,F,26,1388213.0
2044,F,26,1408440.0
2045,F,26,1393075.0
2046,F,26,1340045.0
2047,F,26,1295639.0
2048,F,26,1252275.0
2049,F,26,1219858.0
2050,F,26,1200260.0
2051,F,26,1175984.0
2052,F,26,1155115.0
2053,F,26,1136412.0
2054,F,26,1119430.0
2055,F,26,1104214.0
2056,F,26,1090571.0
2057,F,26,1077891.0
2058,F,26,1066022.0
2059,F,26,1054976.0
2060,F,26,1044907.0
2061,F,26,1035532.0
2062,F,26,1026389.0
2063,F,26,1017130.0
2064,F,26,1008190.0
2065,F,26,999740.0
2066,F,26,991356.0
2067,F,26,982711.0
2068,F,26,973867.0
2069,F,26,965155.0
2070,F,26,956587.0
2000,F,27,1454228.0
2001,F,27,1474491.0
2002,F,27,1504919.0
2003,F,27,1548465.0
2004,F,27,1600364.0
2005,F,27,1655399.0
2006,F,27,1704857.0
2007,F,27,1742980.0
2008,F,27,1765037.0
2009,F,27,1774270.0
2010,F,27,1776352.0
2011,F,27,1773787.0
2012,F,27,1765508.0
2013,F,27,1750519.0
2014,F,27,1730332.0
2015,F,27,1704601.0
2016,F,27,1679019.0
2017,F,27,1660042.0
2018,F,27,1651332.0
2019,F,27,1652809.0
2020,F,27,1657564.0
2021,F,27,1658935.0
2022,F,27,1657113.0
2023,F,27,1651506.0
2024,F,27,1644250.0
2025,F,27,1637863.0
2026,F,27,1630254.0
2027,F,27,1611362.0
2028,F,27,1576428.0
2029,F,27,1543642.0
2030,F,27,1516633.0
2031,F,27,1496537.0
2032,F,27,1481560.0
2033,F,27,1475703.0
2034,F,27,1439584.0
2035,F,27,1427936.0
2036,F,27,1420460.0
2037,F,27,1397473.0
2038,F,27,1403190.0
2039,F,27,1411336.0
2040,F,27,1405767.0
2041,F,27,1420203.0
2042,F,27,1449166.0
2043,F,27,1418212.0
2044,F,27,1387571.0
2045,F,27,1407804.0
2046,F,27,1392457.0
2047,F,27,1339464.0
2048,F,27,1295092.0
2049,F,27,1251753.0
2050,F,27,1219359.0
2051,F,27,1199783.0
2052,F,27,1175525.0
2053,F,27,1154676.0
2054,F,27,1135988.0
2055,F,27,1119018.0
2056,F,27,1103819.0
2057,F,27,1090187.0
2058,F,27,1077521.0
2059,F,27,1065659.0
2060,F,27,1054624.0
2061,F,27,1044566.0
2062,F,27,1035204.0
2063,F,27,1026070.0
2064,F,27,1016818.0
2065,F,27,1007887.0
2066,F,27,999445.0
2067,F,27,991071.0
2068,F,27,982433.0
2069,F,27,973596.0
2070,F,27,964891.0
2000,F,28,1434110.0
2001,F,28,1452870.0
2002,F,28,1473141.0
2003,F,28,1503577.0
2004,F,28,1547129.0
2005,F,28,1599027.0
2006,F,28,1654059.0
2007,F,28,1703507.0
2008,F,28,1741619.0
2009,F,28,1763672.0
2010,F,28,1768936.0
2011,F,28,1767452.0
2012,F,28,1766818.0
2013,F,28,1759865.0
2014,F,28,1745215.0
2015,F,28,1724592.0
2016,F,28,1698305.0
2017,F,28,1671969.0
2018,F,28,1652094.0
2019,F,28,1645575.0
2020,F,28,1649601.0
2021,F,28,1654439.0
2022,F,28,1654116.0
2023,F,28,1651326.0
2024,F,28,1647044.0
2025,F,28,1640378.0
2026,F,28,1634573.0
2027,F,28,1627545.0
2028,F,28,1609246.0
2029,F,28,1574901.0
2030,F,28,1542682.0
2031,F,28,1515967.0
2032,F,28,1495877.0
2033,F,28,1480902.0
2034,F,28,1475037.0
2035,F,28,1438930.0
2036,F,28,1427281.0
2037,F,28,1419796.0
2038,F,28,1396809.0
2039,F,28,1402510.0
2040,F,28,1410640.0
2041,F,28,1405076.0
2042,F,28,1419521.0
2043,F,28,1448484.0
2044,F,28,1417555.0
2045,F,28,1386943.0
2046,F,28,1407182.0
2047,F,28,1391853.0
2048,F,28,1338896.0
2049,F,28,1294553.0
2050,F,28,1251244.0
2051,F,28,1218873.0
2052,F,28,1199315.0
2053,F,28,1175077.0
2054,F,28,1154244.0
2055,F,28,1135573.0
2056,F,28,1118614.0
2057,F,28,1103433.0
2058,F,28,1089809.0
2059,F,28,1077156.0
2060,F,28,1065305.0
2061,F,28,1054282.0
2062,F,28,1044235.0
2063,F,28,1034880.0
2064,F,28,1025755.0
2065,F,28,1016516.0
2066,F,28,1007590.0
2067,F,28,999158.0
2068,F,28,990793.0
2069,F,28,982159.0
2070,F,28,973329.0
2000,F,29,1412488.0
2001,F,29,1432691.0
2002,F,29,1451464.0
2003,F,29,1471752.0
2004,F,29,1502207.0
2005,F,29,1545765.0
2006,F,29,1597659.0
2007,F,29,1652680.0
2008,F,29,1702109.0
2009,F,29,1740208.0
2010,F,29,1758703.0
2011,F,29,1760757.0
2012,F,29,1761010.0
2013,F,29,1761571.0
2014,F,29,1754939.0
2015,F,29,1739901.0
2016,F,29,1718783.0
2017,F,29,1691837.0
2018,F,29,1664705.0
2019,F,29,1646816.0
2020,F,29,1642592.0
2021,F,29,1646636.0
2022,F,29,1649978.0
2023,F,29,1648816.0
2024,F,29,1647275.0
2025,F,29,1643515.0
2026,F,29,1637364.0
2027,F,29,1632079.0
2028,F,29,1625563.0
2029,F,29,1607779.0
2030,F,29,1573953.0
2031,F,29,1542003.0
2032,F,29,1515293.0
2033,F,29,1495209.0
2034,F,29,1480237.0
2035,F,29,1474362.0
2036,F,29,1438265.0
2037,F,29,1426610.0
2038,F,29,1419120.0
2039,F,29,1396135.0
2040,F,29,1401822.0
2041,F,29,1409947.0
2042,F,29,1404400.0
2043,F,29,1418853.0
2044,F,29,1447816.0
2045,F,29,1416917.0
2046,F,29,1386333.0
2047,F,29,1406573.0
2048,F,29,1391262.0
2049,F,29,1338338.0
2050,F,29,1294028.0
2051,F,29,1250747.0
2052,F,29,1218397.0
2053,F,29,1198858.0
2054,F,29,1174639.0
2055,F,29,1153819.0
2056,F,29,1135168.0
2057,F,29,1118224.0
2058,F,29,1103048.0
2059,F,29,1089440.0
2060,F,29,1076800.0
2061,F,29,1064958.0
2062,F,29,1053946.0
2063,F,29,1043909.0
2064,F,29,1034566.0
2065,F,29,1025446.0
2066,F,29,1016218.0
2067,F,29,1007301.0
2068,F,29,998875.0
2069,F,29,990520.0
2070,F,29,981890.0
2000,F,30,1394764.0
2001,F,30,1410991.0
2002,F,30,1431227.0
2003,F,30,1450026.0
2004,F,30,1470334.0
2005,F,30,1500802.0
2006,F,30,1544362.0
2007,F,30,1596250.0
2008,F,30,1651252.0
2009,F,30,1700653.0
2010,F,30,1735585.0
2011,F,30,1751194.0
2012,F,30,1754810.0
2013,F,30,1756130.0
2014,F,30,1756977.0
2015,F,30,1750013.0
2016,F,30,1734531.0
2017,F,30,1712839.0
2018,F,30,1685197.0
2019,F,30,1659859.0
2020,F,30,1644023.0
2021,F,30,1639765.0
2022,F,30,1642488.0
2023,F,30,1645133.0
2024,F,30,1644990.0
2025,F,30,1643907.0
2026,F,30,1640607.0
2027,F,30,1634918.0
2028,F,30,1630089.0
2029,F,30,1624030.0
2030,F,30,1606703.0
2031,F,30,1573129.0
2032,F,30,1541196.0
2033,F,30,1514497.0
2034,F,30,1494421.0
2035,F,30,1479450.0
2036,F,30,1473571.0
2037,F,30,1437486.0
2038,F,30,1425833.0
2039,F,30,1418334.0
2040,F,30,1395355.0
2041,F,30,1401043.0
2042,F,30,1409179.0
2043,F,30,1403650.0
2044,F,30,1418111.0
2045,F,30,1447075.0
2046,F,30,1416209.0
2047,F,30,1385656.0
2048,F,30,1405900.0
2049,F,30,1390612.0
2050,F,30,1337725.0
2051,F,30,1293447.0
2052,F,30,1250196.0
2053,F,30,1217871.0
2054,F,30,1198351.0
2055,F,30,1174153.0
2056,F,30,1153348.0
2057,F,30,1134716.0
2058,F,30,1117788.0
2059,F,30,1102625.0
2060,F,30,1089034.0
2061,F,30,1076405.0
2062,F,30,1064574.0
2063,F,30,1053576.0
2064,F,30,1043547.0
2065,F,30,1034215.0
2066,F,30,1025105.0
2067,F,30,1015885.0
2068,F,30,1006981.0
2069,F,30,998562.0
2070,F,30,990216.0
2000,F,31,1381136.0
2001,F,31,1393185.0
2002,F,31,1409461.0
2003,F,31,1429724.0
2004,F,31,1448561.0
2005,F,31,1468889.0
2006,F,31,1499366.0
2007,F,31,1542918.0
2008,F,31,1594781.0
2009,F,31,1649750.0
2010,F,31,1696337.0
2011,F,31,1728694.0
2012,F,31,1745683.0
2013,F,31,1750265.0
2014,F,31,1751841.0
2015,F,31,1752396.0
2016,F,31,1745044.0
2017,F,31,1729054.0
2018,F,31,1706759.0
2019,F,31,1680734.0
2020,F,31,1657215.0
2021,F,31,1641294.0
2022,F,31,1635894.0
2023,F,31,1638048.0
2024,F,31,1641496.0
2025,F,31,1641761.0
2026,F,31,1641082.0
2027,F,31,1638192.0
2028,F,31,1632910.0
2029,F,31,1628485.0
2030,F,31,1622827.0
2031,F,31,1605722.0
2032,F,31,1572173.0
2033,F,31,1540260.0
2034,F,31,1513579.0
2035,F,31,1493512.0
2036,F,31,1478547.0
2037,F,31,1472666.0
2038,F,31,1436601.0
2039,F,31,1424945.0
2040,F,31,1417444.0
2041,F,31,1394486.0
2042,F,31,1400191.0
2043,F,31,1408339.0
2044,F,31,1402830.0
2045,F,31,1417302.0
2046,F,31,1446264.0
2047,F,31,1415435.0
2048,F,31,1384916.0
2049,F,31,1405165.0
2050,F,31,1389897.0
2051,F,31,1337054.0
2052,F,31,1292811.0
2053,F,31,1249593.0
2054,F,31,1217294.0
2055,F,31,1197796.0
2056,F,31,1173618.0
2057,F,31,1152836.0
2058,F,31,1134223.0
2059,F,31,1117315.0
2060,F,31,1102163.0
2061,F,31,1088587.0
2062,F,31,1075974.0
2063,F,31,1064156.0
2064,F,31,1053172.0
2065,F,31,1043153.0
2066,F,31,1033832.0
2067,F,31,1024739.0
2068,F,31,1015525.0
2069,F,31,1006630.0
2070,F,31,998221.0
2000,F,32,1370046.0
2001,F,32,1379473.0
2002,F,32,1391575.0
2003,F,32,1407889.0
2004,F,32,1428195.0
2005,F,32,1447056.0
2006,F,32,1467401.0
2007,F,32,1497873.0
2008,F,32,1541401.0
2009,F,32,1593230.0
2010,F,32,1645705.0
2011,F,32,1690010.0
2012,F,32,1723582.0
2013,F,32,1741418.0
2014,F,32,1746238.0
2015,F,32,1747560.0
2016,F,32,1747768.0
2017,F,32,1739976.0
2018,F,32,1723463.0
2019,F,32,1702623.0
2020,F,32,1678200.0
2021,F,32,1654536.0
2022,F,32,1637636.0
2023,F,32,1631794.0
2024,F,32,1634735.0
2025,F,32,1638531.0
2026,F,32,1639153.0
2027,F,32,1638830.0
2028,F,32,1636293.0
2029,F,32,1631373.0
2030,F,32,1627298.0
2031,F,32,1621833.0
2032,F,32,1604742.0
2033,F,32,1571217.0
2034,F,32,1539322.0
2035,F,32,1512655.0
2036,F,32,1492600.0
2037,F,32,1477639.0
2038,F,32,1471756.0
2039,F,32,1435707.0
2040,F,32,1424048.0
2041,F,32,1416563.0
2042,F,32,1393635.0
2043,F,32,1399355.0
2044,F,32,1407521.0
2045,F,32,1402029.0
2046,F,32,1416511.0
2047,F,32,1445472.0
2048,F,32,1414675.0
2049,F,32,1384193.0
2050,F,32,1404444.0
2051,F,32,1389198.0
2052,F,32,1336395.0
2053,F,32,1292189.0
2054,F,32,1249006.0
2055,F,32,1216730.0
2056,F,32,1197253.0
2057,F,32,1173096.0
2058,F,32,1152337.0
2059,F,32,1133739.0
2060,F,32,1116850.0
2061,F,32,1101714.0
2062,F,32,1088154.0
2063,F,32,1075552.0
2064,F,32,1063745.0
2065,F,32,1052773.0
2066,F,32,1042766.0
2067,F,32,1033456.0
2068,F,32,1024374.0
2069,F,32,1015173.0
2070,F,32,1006287.0
2000,F,33,1360861.0
2001,F,33,1368280.0
2002,F,33,1377767.0
2003,F,33,1389917.0
2004,F,33,1406277.0
2005,F,33,1426618.0
2006,F,33,1445500.0
2007,F,33,1465843.0
2008,F,33,1496297.0
2009,F,33,1539786.0
2010,F,33,1589424.0
2011,F,33,1639885.0
2012,F,33,1685261.0
2013,F,33,1719581.0
2014,F,33,1737620.0
2015,F,33,1742212.0
2016,F,33,1743233.0
2017,F,33,1743049.0
2018,F,33,1734804.0
2019,F,33,1719598.0
2020,F,33,1700152.0
2021,F,33,1675520.0
2022,F,33,1651029.0
2023,F,33,1633818.0
2024,F,33,1628763.0
2025,F,33,1632010.0
2026,F,33,1636113.0
2027,F,33,1637043.0
2028,F,33,1637031.0
2029,F,33,1634807.0
2030,F,33,1630199.0
2031,F,33,1626293.0
2032,F,33,1620837.0
2033,F,33,1603760.0
2034,F,33,1570256.0
2035,F,33,1538379.0
2036,F,33,1511725.0
2037,F,33,1491680.0
2038,F,33,1476723.0
2039,F,33,1470839.0
2040,F,33,1434809.0
2041,F,33,1423162.0
2042,F,33,1415699.0
2043,F,33,1392801.0
2044,F,33,1398541.0
2045,F,33,1406717.0
2046,F,33,1401248.0
2047,F,33,1415735.0
2048,F,33,1444698.0
2049,F,33,1413936.0
2050,F,33,1383484.0
2051,F,33,1403738.0
2052,F,33,1388515.0
2053,F,33,1335751.0
2054,F,33,1291579.0
2055,F,33,1248430.0
2056,F,33,1216180.0
2057,F,33,1196722.0
2058,F,33,1172584.0
2059,F,33,1151845.0
2060,F,33,1133267.0
2061,F,33,1116395.0
2062,F,33,1101271.0
2063,F,33,1087728.0
2064,F,33,1075138.0
2065,F,33,1063346.0
2066,F,33,1052384.0
2067,F,33,1042387.0
2068,F,33,1033090.0
2069,F,33,1024015.0
2070,F,33,1014826.0
2000,F,34,1350289.0
2001,F,34,1358991.0
2002,F,34,1366467.0
2003,F,34,1376000.0
2004,F,34,1388203.0
2005,F,34,1404600.0
2006,F,34,1424967.0
2007,F,34,1443856.0
2008,F,34,1464189.0
2009,F,34,1494614.0
2010,F,34,1536185.0
2011,F,34,1584070.0
2012,F,34,1635472.0
2013,F,34,1681505.0
2014,F,34,1715986.0
2015,F,34,1733812.0
2016,F,34,1738129.0
2017,F,34,1738811.0
2018,F,34,1738232.0
2019,F,34,1731154.0
2020,F,34,1717152.0
2021,F,34,1697418.0
2022,F,34,1672095.0
2023,F,34,1647423.0
2024,F,34,1631031.0
2025,F,34,1626257.0
2026,F,34,1629768.0
2027,F,34,1634137.0
2028,F,34,1635335.0
2029,F,34,1635595.0
2030,F,34,1633638.0
2031,F,34,1629182.0
2032,F,34,1625282.0
2033,F,34,1619836.0
2034,F,34,1602772.0
2035,F,34,1569286.0
2036,F,34,1537431.0
2037,F,34,1510792.0
2038,F,34,1490753.0
2039,F,34,1475801.0
2040,F,34,1469917.0
2041,F,34,1433915.0
2042,F,34,1422297.0
2043,F,34,1414855.0
2044,F,34,1391989.0
2045,F,34,1397744.0
2046,F,34,1405930.0
2047,F,34,1400481.0
2048,F,34,1414975.0
2049,F,34,1443940.0
2050,F,34,1413209.0
2051,F,34,1382789.0
2052,F,34,1403048.0
2053,F,34,1387844.0
2054,F,34,1335119.0
2055,F,34,1290981.0
2056,F,34,1247864.0
2057,F,34,1215641.0
2058,F,34,1196201.0
2059,F,34,1172088.0
2060,F,34,1151363.0
2061,F,34,1132804.0
2062,F,34,1115949.0
2063,F,34,1100840.0
2064,F,34,1087308.0
2065,F,34,1074733.0
2066,F,34,1062952.0
2067,F,34,1052004.0
2068,F,34,1042020.0
2069,F,34,1032730.0
2070,F,34,1023665.0
2000,F,35,1334380.0
2001,F,35,1348301.0
2002,F,35,1357061.0
2003,F,35,1364584.0
2004,F,35,1374169.0
2005,F,35,1386410.0
2006,F,35,1402844.0
2007,F,35,1423226.0
2008,F,35,1442115.0
2009,F,35,1462433.0
2010,F,35,1491177.0
2011,F,35,1531226.0
2012,F,35,1579956.0
2013,F,35,1631930.0
2014,F,35,1678087.0
2015,F,35,1712364.0
2016,F,35,1729925.0
2017,F,35,1733937.0
2018,F,35,1734283.0
2019,F,35,1734747.0
2020,F,35,1728694.0
2021,F,35,1714329.0
2022,F,35,1694021.0
2023,F,35,1668649.0
2024,F,35,1644565.0
2025,F,35,1628443.0
2026,F,35,1623916.0
2027,F,35,1627659.0
2028,F,35,1632264.0
2029,F,35,1633700.0
2030,F,35,1634197.0
2031,F,35,1632375.0
2032,F,35,1627938.0
2033,F,35,1624050.0
2034,F,35,1618620.0
2035,F,35,1601574.0
2036,F,35,1568116.0
2037,F,35,1536286.0
2038,F,35,1509671.0
2039,F,35,1489645.0
2040,F,35,1474704.0
2041,F,35,1468840.0
2042,F,35,1432885.0
2043,F,35,1421296.0
2044,F,35,1413882.0
2045,F,35,1391051.0
2046,F,35,1396822.0
2047,F,35,1405025.0
2048,F,35,1399597.0
2049,F,35,1414102.0
2050,F,35,1443071.0
2051,F,35,1412373.0
2052,F,35,1381990.0
2053,F,35,1402254.0
2054,F,35,1387074.0
2055,F,35,1334395.0
2056,F,35,1290293.0
2057,F,35,1247211.0
2058,F,35,1215020.0
2059,F,35,1195606.0
2060,F,35,1171513.0
2061,F,35,1150808.0
2062,F,35,1132271.0
2063,F,35,1115434.0
2064,F,35,1100343.0
2065,F,35,1086825.0
2066,F,35,1074265.0
2067,F,35,1062501.0
2068,F,35,1051562.0
2069,F,35,1041594.0
2070,F,35,1032316.0
2000,F,36,1310973.0
2001,F,36,1332281.0
2002,F,36,1346244.0
2003,F,36,1355051.0
2004,F,36,1362629.0
2005,F,36,1372261.0
2006,F,36,1384538.0
2007,F,36,1400997.0
2008,F,36,1421390.0
2009,F,36,1440270.0
2010,F,36,1459142.0
2011,F,36,1486559.0
2012,F,36,1527355.0
2013,F,36,1576584.0
2014,F,36,1628656.0
2015,F,36,1674605.0
2016,F,36,1708638.0
2017,F,36,1725923.0
2018,F,36,1729647.0
2019,F,36,1730917.0
2020,F,36,1732251.0
2021,F,36,1725754.0
2022,F,36,1710921.0
2023,F,36,1690690.0
2024,F,36,1665669.0
2025,F,36,1641849.0
2026,F,36,1625969.0
2027,F,36,1621658.0
2028,F,36,1625607.0
2029,F,36,1630422.0
2030,F,36,1632064.0
2031,F,36,1632687.0
2032,F,36,1630887.0
2033,F,36,1626470.0
2034,F,36,1622601.0
2035,F,36,1617190.0
2036,F,36,1600168.0
2037,F,36,1566749.0
2038,F,36,1534955.0
2039,F,36,1508368.0
2040,F,36,1488362.0
2041,F,36,1473452.0
2042,F,36,1467619.0
2043,F,36,1431721.0
2044,F,36,1420167.0
2045,F,36,1412783.0
2046,F,36,1389993.0
2047,F,36,1395779.0
2048,F,36,1404002.0
2049,F,36,1398600.0
2050,F,36,1413114.0
2051,F,36,1442083.0
2052,F,36,1411429.0
2053,F,36,1381086.0
2054,F,36,1401357.0
2055,F,36,1386203.0
2056,F,36,1333576.0
2057,F,36,1289519.0
2058,F,36,1246475.0
2059,F,36,1214318.0
2060,F,36,1194928.0
2061,F,36,1170865.0
2062,F,36,1150182.0
2063,F,36,1131669.0
2064,F,36,1114850.0
2065,F,36,1099778.0
2066,F,36,1086281.0
2067,F,36,1073739.0
2068,F,36,1061989.0
2069,F,36,1051070.0
2070,F,36,1041113.0
2000,F,37,1281568.0
2001,F,37,1308751.0
2002,F,37,1330100.0
2003,F,37,1344105.0
2004,F,37,1352963.0
2005,F,37,1360593.0
2006,F,37,1370264.0
2007,F,37,1382576.0
2008,F,37,1399048.0
2009,F,37,1419444.0
2010,F,37,1437073.0
2011,F,37,1454802.0
2012,F,37,1482889.0
2013,F,37,1524113.0
2014,F,37,1573418.0
2015,F,37,1625286.0
2016,F,37,1671005.0
2017,F,37,1704794.0
2018,F,37,1721824.0
2019,F,37,1726372.0
2020,F,37,1728363.0
2021,F,37,1729187.0
2022,F,37,1722303.0
2023,F,37,1707654.0
2024,F,37,1687843.0
2025,F,37,1663055.0
2026,F,37,1639460.0
2027,F,37,1623790.0
2028,F,37,1619670.0
2029,F,37,1623799.0
2030,F,37,1628792.0
2031,F,37,1630539.0
2032,F,37,1631186.0
2033,F,37,1629403.0
2034,F,37,1625007.0
2035,F,37,1621161.0
2036,F,37,1615765.0
2037,F,37,1598769.0
2038,F,37,1565386.0
2039,F,37,1533627.0
2040,F,37,1507072.0
2041,F,37,1487097.0
2042,F,37,1472230.0
2043,F,37,1466429.0
2044,F,37,1430583.0
2045,F,37,1419065.0
2046,F,37,1411709.0
2047,F,37,1388959.0
2048,F,37,1394765.0
2049,F,37,1402998.0
2050,F,37,1397625.0
2051,F,37,1412148.0
2052,F,37,1441120.0
2053,F,37,1410504.0
2054,F,37,1380200.0
2055,F,37,1400477.0
2056,F,37,1385352.0
2057,F,37,1332774.0
2058,F,37,1288757.0
2059,F,37,1245755.0
2060,F,37,1213633.0
2061,F,37,1194265.0
2062,F,37,1170226.0
2063,F,37,1149571.0
2064,F,37,1131078.0
2065,F,37,1114281.0
2066,F,37,1099228.0
2067,F,37,1085746.0
2068,F,37,1073225.0
2069,F,37,1061488.0
2070,F,37,1050583.0
2000,F,38,1253572.0
2001,F,38,1279216.0
2002,F,38,1306436.0
2003,F,38,1327826.0
2004,F,38,1341882.0
2005,F,38,1350793.0
2006,F,38,1358461.0
2007,F,38,1368166.0
2008,F,38,1380490.0
2009,F,38,1396975.0
2010,F,38,1416285.0
2011,F,38,1432937.0
2012,F,38,1451260.0
2013,F,38,1479732.0
2014,F,38,1521024.0
2015,F,38,1570139.0
2016,F,38,1621793.0
2017,F,38,1667290.0
2018,F,38,1700859.0
2019,F,38,1718610.0
2020,F,38,1723756.0
2021,F,38,1725154.0
2022,F,38,1725664.0
2023,F,38,1719053.0
2024,F,38,1704919.0
2025,F,38,1685312.0
2026,F,38,1660729.0
2027,F,38,1637330.0
2028,F,38,1621839.0
2029,F,38,1617886.0
2030,F,38,1622170.0
2031,F,38,1627255.0
2032,F,38,1629027.0
2033,F,38,1629692.0
2034,F,38,1627932.0
2035,F,38,1623553.0
2036,F,38,1619725.0
2037,F,38,1614345.0
2038,F,38,1597377.0
2039,F,38,1564033.0
2040,F,38,1532308.0
2041,F,38,1505791.0
2042,F,38,1485864.0
2043,F,38,1471033.0
2044,F,38,1465265.0
2045,F,38,1429469.0
2046,F,38,1417986.0
2047,F,38,1410657.0
2048,F,38,1387946.0
2049,F,38,1393771.0
2050,F,38,1402021.0
2051,F,38,1396671.0
2052,F,38,1411201.0
2053,F,38,1440176.0
2054,F,38,1409601.0
2055,F,38,1379335.0
2056,F,38,1399615.0
2057,F,38,1384520.0
2058,F,38,1331987.0
2059,F,38,1288014.0
2060,F,38,1245049.0
2061,F,38,1212961.0
2062,F,38,1193616.0
2063,F,38,1169602.0
2064,F,38,1148973.0
2065,F,38,1130500.0
2066,F,38,1113724.0
2067,F,38,1098689.0
2068,F,38,1085223.0
2069,F,38,1072718.0
2070,F,38,1060997.0
2000,F,39,1220296.0
2001,F,39,1251083.0
2002,F,39,1276764.0
2003,F,39,1304025.0
2004,F,39,1325460.0
2005,F,39,1339565.0
2006,F,39,1348524.0
2007,F,39,1356215.0
2008,F,39,1365918.0
2009,F,39,1378256.0
2010,F,39,1393810.0
2011,F,39,1412273.0
2012,F,39,1429461.0
2013,F,39,1448141.0
2014,F,39,1476682.0
2015,F,39,1517813.0
2016,F,39,1566727.0
2017,F,39,1618186.0
2018,F,39,1663495.0
2019,F,39,1697693.0
2020,F,39,1715916.0
2021,F,39,1720401.0
2022,F,39,1721517.0
2023,F,39,1722378.0
2024,F,39,1716415.0
2025,F,39,1702454.0
2026,F,39,1683027.0
2027,F,39,1658623.0
2028,F,39,1635397.0
2029,F,39,1620069.0
2030,F,39,1616256.0
2031,F,39,1620629.0
2032,F,39,1625732.0
2033,F,39,1627523.0
2034,F,39,1628207.0
2035,F,39,1626471.0
2036,F,39,1622107.0
2037,F,39,1618299.0
2038,F,39,1612933.0
2039,F,39,1595992.0
2040,F,39,1562688.0
2041,F,39,1531008.0
2042,F,39,1504542.0
2043,F,39,1484656.0
2044,F,39,1469861.0
2045,F,39,1464128.0
2046,F,39,1428382.0
2047,F,39,1416931.0
2048,F,39,1409630.0
2049,F,39,1386956.0
2050,F,39,1392797.0
2051,F,39,1401065.0
2052,F,39,1395737.0
2053,F,39,1410279.0
2054,F,39,1439253.0
2055,F,39,1408713.0
2056,F,39,1378487.0
2057,F,39,1398772.0
2058,F,39,1383703.0
2059,F,39,1331219.0
2060,F,39,1287286.0
2061,F,39,1244358.0
2062,F,39,1212303.0
2063,F,39,1192981.0
2064,F,39,1168992.0
2065,F,39,1148385.0
2066,F,39,1129935.0
2067,F,39,1113178.0
2068,F,39,1098160.0
2069,F,39,1084713.0
2070,F,39,1072223.0
2000,F,40,1184950.0
2001,F,40,1217668.0
2002,F,40,1248493.0
2003,F,40,1274217.0
2004,F,40,1301515.0
2005,F,40,1322998.0
2006,F,40,1337138.0
2007,F,40,1346119.0
2008,F,40,1353804.0
2009,F,40,1363515.0
2010,F,40,1375048.0
2011,F,40,1389887.0
2012,F,40,1408822.0
2013,F,40,1426340.0
2014,F,40,1445103.0
2015,F,40,1473517.0
2016,F,40,1514480.0
2017,F,40,1563218.0
2018,F,40,1614501.0
2019,F,40,1660358.0
2020,F,40,1694905.0
2021,F,40,1712400.0
2022,F,40,1716647.0
2023,F,40,1718159.0
2024,F,40,1719343.0
2025,F,40,1713539.0
2026,F,40,1699743.0
2027,F,40,1680491.0
2028,F,40,1656263.0
2029,F,40,1633206.0
2030,F,40,1618033.0
2031,F,40,1614310.0
2032,F,40,1618715.0
2033,F,40,1623844.0
2034,F,40,1625662.0
2035,F,40,1626372.0
2036,F,40,1624665.0
2037,F,40,1620331.0
2038,F,40,1616544.0
2039,F,40,1611205.0
2040,F,40,1594298.0
2041,F,40,1561056.0
2042,F,40,1529444.0
2043,F,40,1503041.0
2044,F,40,1483205.0
2045,F,40,1468456.0
2046,F,40,1462759.0
2047,F,40,1427074.0
2048,F,40,1415662.0
2049,F,40,1408395.0
2050,F,40,1385769.0
2051,F,40,1391627.0
2052,F,40,1399913.0
2053,F,40,1394617.0
2054,F,40,1409169.0
2055,F,40,1438140.0
2056,F,40,1407648.0
2057,F,40,1377466.0
2058,F,40,1397760.0
2059,F,40,1382720.0
2060,F,40,1330293.0
2061,F,40,1286409.0
2062,F,40,1243528.0
2063,F,40,1211511.0
2064,F,40,1192219.0
2065,F,40,1168257.0
2066,F,40,1147680.0
2067,F,40,1129256.0
2068,F,40,1112520.0
2069,F,40,1097526.0
2070,F,40,1084099.0
2000,F,41,1149261.0
2001,F,41,1182182.0
2002,F,41,1214939.0
2003,F,41,1245803.0
2004,F,41,1271559.0
2005,F,41,1298899.0
2006,F,41,1320413.0
2007,F,41,1334561.0
2008,F,41,1343530.0
2009,F,41,1351219.0
2010,F,41,1360244.0
2011,F,41,1371157.0
2012,F,41,1386430.0
2013,F,41,1405677.0
2014,F,41,1423288.0
2015,F,41,1441950.0
2016,F,41,1470221.0
2017,F,41,1511025.0
2018,F,41,1559611.0
2019,F,41,1611354.0
2020,F,41,1657458.0
2021,F,41,1691202.0
2022,F,41,1708495.0
2023,F,41,1713195.0
2024,F,41,1714715.0
2025,F,41,1716042.0
2026,F,41,1710390.0
2027,F,41,1696759.0
2028,F,41,1677679.0
2029,F,41,1653624.0
2030,F,41,1630735.0
2031,F,41,1615669.0
2032,F,41,1611999.0
2033,F,41,1616442.0
2034,F,41,1621602.0
2035,F,41,1623456.0
2036,F,41,1624195.0
2037,F,41,1622524.0
2038,F,41,1618229.0
2039,F,41,1614474.0
2040,F,41,1609167.0
2041,F,41,1592317.0
2042,F,41,1559160.0
2043,F,41,1527625.0
2044,F,41,1501294.0
2045,F,41,1481517.0
2046,F,41,1466822.0
2047,F,41,1461164.0
2048,F,41,1425555.0
2049,F,41,1414188.0
2050,F,41,1406958.0
2051,F,41,1384384.0
2052,F,41,1390266.0
2053,F,41,1398571.0
2054,F,41,1393311.0
2055,F,41,1407877.0
2056,F,41,1436849.0
2057,F,41,1406411.0
2058,F,41,1376279.0
2059,F,41,1396581.0
2060,F,41,1381576.0
2061,F,41,1329217.0
2062,F,41,1285386.0
2063,F,41,1242563.0
2064,F,41,1210588.0
2065,F,41,1191330.0
2066,F,41,1167401.0
2067,F,41,1146860.0
2068,F,41,1128462.0
2069,F,41,1111756.0
2070,F,41,1096786.0
2000,F,42,1112839.0
2001,F,42,1146353.0
2002,F,42,1179307.0
2003,F,42,1212099.0
2004,F,42,1242987.0
2005,F,42,1268785.0
2006,F,42,1296148.0
2007,F,42,1317661.0
2008,F,42,1331787.0
2009,F,42,1340761.0
2010,F,42,1347861.0
2011,F,42,1356361.0
2012,F,42,1367658.0
2013,F,42,1383217.0
2014,F,42,1402574.0
2015,F,42,1420109.0
2016,F,42,1438644.0
2017,F,42,1466784.0
2018,F,42,1507451.0
2019,F,42,1556438.0
2020,F,42,1608329.0
2021,F,42,1653564.0
2022,F,42,1687137.0
2023,F,42,1704940.0
2024,F,42,1709834.0
2025,F,42,1711479.0
2026,F,42,1712932.0
2027,F,42,1707419.0
2028,F,42,1693936.0
2029,F,42,1675014.0
2030,F,42,1651116.0
2031,F,42,1628343.0
2032,F,42,1613348.0
2033,F,42,1609725.0
2034,F,42,1614200.0
2035,F,42,1619393.0
2036,F,42,1621278.0
2037,F,42,1622052.0
2038,F,42,1620414.0
2039,F,42,1616155.0
2040,F,42,1612433.0
2041,F,42,1607168.0
2042,F,42,1590381.0
2043,F,42,1557305.0
2044,F,42,1525848.0
2045,F,42,1499585.0
2046,F,42,1479868.0
2047,F,42,1465224.0
2048,F,42,1459608.0
2049,F,42,1424068.0
2050,F,42,1412742.0
2051,F,42,1405553.0
2052,F,42,1383032.0
2053,F,42,1388934.0
2054,F,42,1397259.0
2055,F,42,1392033.0
2056,F,42,1406610.0
2057,F,42,1435584.0
2058,F,42,1405198.0
2059,F,42,1375119.0
2060,F,42,1395427.0
2061,F,42,1380458.0
2062,F,42,1328165.0
2063,F,42,1284386.0
2064,F,42,1241618.0
2065,F,42,1209685.0
2066,F,42,1190460.0
2067,F,42,1166567.0
2068,F,42,1146055.0
2069,F,42,1127685.0
2070,F,42,1111007.0
2000,F,43,1076347.0
2001,F,43,1109781.0
2002,F,43,1143323.0
2003,F,43,1176298.0
2004,F,43,1209117.0
2005,F,43,1240031.0
2006,F,43,1265858.0
2007,F,43,1293221.0
2008,F,43,1314703.0
2009,F,43,1328824.0
2010,F,43,1337289.0
2011,F,43,1343938.0
2012,F,43,1352787.0
2013,F,43,1364347.0
2014,F,43,1380018.0
2015,F,43,1399323.0
2016,F,43,1416765.0
2017,F,43,1435187.0
2018,F,43,1463213.0
2019,F,43,1504231.0
2020,F,43,1553297.0
2021,F,43,1604253.0
2022,F,43,1649354.0
2023,F,43,1683499.0
2024,F,43,1701652.0
2025,F,43,1706659.0
2026,F,43,1708417.0
2027,F,43,1709984.0
2028,F,43,1704600.0
2029,F,43,1691250.0
2030,F,43,1672467.0
2031,F,43,1648689.0
2032,F,43,1625992.0
2033,F,43,1611065.0
2034,F,43,1607488.0
2035,F,43,1611993.0
2036,F,43,1617218.0
2037,F,43,1619134.0
2038,F,43,1619938.0
2039,F,43,1618334.0
2040,F,43,1614111.0
2041,F,43,1610430.0
2042,F,43,1605212.0
2043,F,43,1588487.0
2044,F,43,1555493.0
2045,F,43,1524114.0
2046,F,43,1497915.0
2047,F,43,1478257.0
2048,F,43,1463662.0
2049,F,43,1458084.0
2050,F,43,1422616.0
2051,F,43,1411330.0
2052,F,43,1404176.0
2053,F,43,1381708.0
2054,F,43,1387637.0
2055,F,43,1395976.0
2056,F,43,1390782.0
2057,F,43,1405375.0
2058,F,43,1434350.0
2059,F,43,1404011.0
2060,F,43,1373982.0
2061,F,43,1394296.0
2062,F,43,1379365.0
2063,F,43,1327133.0
2064,F,43,1283411.0
2065,F,43,1240693.0
2066,F,43,1208799.0
2067,F,43,1189610.0
2068,F,43,1165750.0
2069,F,43,1145267.0
2070,F,43,1126922.0
2000,F,44,1039656.0
2001,F,44,1073140.0
2002,F,44,1106588.0
2003,F,44,1140137.0
2004,F,44,1173132.0
2005,F,44,1205977.0
2006,F,44,1236918.0
2007,F,44,1262744.0
2008,F,44,1290078.0
2009,F,44,1311547.0
2010,F,44,1325219.0
2011,F,44,1333293.0
2012,F,44,1340257.0
2013,F,44,1349337.0
2014,F,44,1361008.0
2015,F,44,1376650.0
2016,F,44,1395885.0
2017,F,44,1413235.0
2018,F,44,1431578.0
2019,F,44,1459932.0
2020,F,44,1500958.0
2021,F,44,1549038.0
2022,F,44,1599895.0
2023,F,44,1645640.0
2024,F,44,1680298.0
2025,F,44,1698527.0
2026,F,44,1703636.0
2027,F,44,1705499.0
2028,F,44,1707173.0
2029,F,44,1701901.0
2030,F,44,1688674.0
2031,F,44,1669998.0
2032,F,44,1646302.0
2033,F,44,1623681.0
2034,F,44,1608820.0
2035,F,44,1605287.0
2036,F,44,1609823.0
2037,F,44,1615078.0
2038,F,44,1617026.0
2039,F,44,1617859.0
2040,F,44,1616287.0
2041,F,44,1612108.0
2042,F,44,1608470.0
2043,F,44,1603304.0
2044,F,44,1586639.0
2045,F,44,1553720.0
2046,F,44,1522416.0
2047,F,44,1496284.0
2048,F,44,1476682.0
2049,F,44,1462136.0
2050,F,44,1456596.0
2051,F,44,1421196.0
2052,F,44,1409949.0
2053,F,44,1402830.0
2054,F,44,1380412.0
2055,F,44,1386363.0
2056,F,44,1394722.0
2057,F,44,1389558.0
2058,F,44,1404163.0
2059,F,44,1433138.0
2060,F,44,1402852.0
2061,F,44,1372870.0
2062,F,44,1393190.0
2063,F,44,1378294.0
2064,F,44,1326122.0
2065,F,44,1282454.0
2066,F,44,1239787.0
2067,F,44,1207932.0
2068,F,44,1188775.0
2069,F,44,1164951.0
2070,F,44,1144497.0
2000,F,45,1002309.0
2001,F,45,1036294.0
2002,F,45,1069772.0
2003,F,45,1103219.0
2004,F,45,1136775.0
2005,F,45,1169798.0
2006,F,45,1202665.0
2007,F,45,1233612.0
2008,F,45,1259413.0
2009,F,45,1286724.0
2010,F,45,1307794.0
2011,F,45,1321121.0
2012,F,45,1329462.0
2013,F,45,1336646.0
2014,F,45,1345826.0
2015,F,45,1357491.0
2016,F,45,1373084.0
2017,F,45,1392258.0
2018,F,45,1409555.0
2019,F,45,1428204.0
2020,F,45,1456528.0
2021,F,45,1496502.0
2022,F,45,1544529.0
2023,F,45,1596114.0
2024,F,45,1641935.0
2025,F,45,1676632.0
2026,F,45,1694932.0
2027,F,45,1700145.0
2028,F,45,1702115.0
2029,F,45,1703896.0
2030,F,45,1698742.0
2031,F,45,1685628.0
2032,F,45,1667044.0
2033,F,45,1643445.0
2034,F,45,1620912.0
2035,F,45,1606127.0
2036,F,45,1602649.0
2037,F,45,1607220.0
2038,F,45,1612510.0
2039,F,45,1614500.0
2040,F,45,1615370.0
2041,F,45,1613843.0
2042,F,45,1609725.0
2043,F,45,1606138.0
2044,F,45,1601030.0
2045,F,45,1584436.0
2046,F,45,1551609.0
2047,F,45,1520388.0
2048,F,45,1494335.0
2049,F,45,1474798.0
2050,F,45,1460308.0
2051,F,45,1454814.0
2052,F,45,1419494.0
2053,F,45,1408292.0
2054,F,45,1401217.0
2055,F,45,1378856.0
2056,F,45,1384831.0
2057,F,45,1393213.0
2058,F,45,1388085.0
2059,F,45,1402701.0
2060,F,45,1431676.0
2061,F,45,1401446.0
2062,F,45,1371526.0
2063,F,45,1391851.0
2064,F,45,1376996.0
2065,F,45,1324897.0
2066,F,45,1281290.0
2067,F,45,1238684.0
2068,F,45,1206879.0
2069,F,45,1187757.0
2070,F,45,1163972.0
2000,F,46,964247.0
2001,F,46,998807.0
2002,F,46,1032759.0
2003,F,46,1066217.0
2004,F,46,1099666.0
2005,F,46,1133238.0
2006,F,46,1166289.0
2007,F,46,1199162.0
2008,F,46,1230092.0
2009,F,46,1255859.0
2010,F,46,1282807.0
2011,F,46,1303583.0
2012,F,46,1317138.0
2013,F,46,1325664.0
2014,F,46,1332954.0
2015,F,46,1342137.0
2016,F,46,1353786.0
2017,F,46,1369334.0
2018,F,46,1388477.0
2019,F,46,1406072.0
2020,F,46,1424648.0
2021,F,46,1451855.0
2022,F,46,1491814.0
2023,F,46,1540648.0
2024,F,46,1591946.0
2025,F,46,1637768.0
2026,F,46,1672496.0
2027,F,46,1690867.0
2028,F,46,1696183.0
2029,F,46,1698267.0
2030,F,46,1700157.0
2031,F,46,1695107.0
2032,F,46,1682089.0
2033,F,46,1663610.0
2034,F,46,1640126.0
2035,F,46,1617698.0
2036,F,46,1603000.0
2037,F,46,1599581.0
2038,F,46,1604198.0
2039,F,46,1609529.0
2040,F,46,1611562.0
2041,F,46,1612484.0
2042,F,46,1611020.0
2043,F,46,1606965.0
2044,F,46,1603441.0
2045,F,46,1598395.0
2046,F,46,1581884.0
2047,F,46,1549161.0
2048,F,46,1518038.0
2049,F,46,1492070.0
2050,F,46,1472609.0
2051,F,46,1458184.0
2052,F,46,1452741.0
2053,F,46,1417511.0
2054,F,46,1406363.0
2055,F,46,1399337.0
2056,F,46,1377044.0
2057,F,46,1383044.0
2058,F,46,1391451.0
2059,F,46,1386362.0
2060,F,46,1400992.0
2061,F,46,1429970.0
2062,F,46,1399805.0
2063,F,46,1369950.0
2064,F,46,1390283.0
2065,F,46,1375473.0
2066,F,46,1323461.0
2067,F,46,1279925.0
2068,F,46,1237388.0
2069,F,46,1205643.0
2070,F,46,1186558.0
2000,F,47,926221.0
2001,F,47,960599.0
2002,F,47,995111.0
2003,F,47,1029025.0
2004,F,47,1062476.0
2005,F,47,1095943.0
2006,F,47,1129535.0
2007,F,47,1162594.0
2008,F,47,1195447.0
2009,F,47,1226342.0
2010,F,47,1251771.0
2011,F,47,1278462.0
2012,F,47,1299427.0
2013,F,47,1313154.0
2014,F,47,1321778.0
2015,F,47,1329086.0
2016,F,47,1338260.0
2017,F,47,1349891.0
2018,F,47,1365427.0
2019,F,47,1384842.0
2020,F,47,1402342.0
2021,F,47,1419749.0
2022,F,47,1446963.0
2023,F,47,1487813.0
2024,F,47,1536654.0
2025,F,47,1587927.0
2026,F,47,1633745.0
2027,F,47,1668502.0
2028,F,47,1686937.0
2029,F,47,1692354.0
2030,F,47,1694540.0
2031,F,47,1696514.0
2032,F,47,1691548.0
2033,F,47,1678625.0
2034,F,47,1660247.0
2035,F,47,1636870.0
2036,F,47,1614544.0
2037,F,47,1599933.0
2038,F,47,1596572.0
2039,F,47,1601232.0
2040,F,47,1606596.0
2041,F,47,1608684.0
2042,F,47,1609661.0
2043,F,47,1608261.0
2044,F,47,1604266.0
2045,F,47,1600803.0
2046,F,47,1595820.0
2047,F,47,1579389.0
2048,F,47,1546767.0
2049,F,47,1515740.0
2050,F,47,1489856.0
2051,F,47,1470469.0
2052,F,47,1456104.0
2053,F,47,1450710.0
2054,F,47,1415567.0
2055,F,47,1404475.0
2056,F,47,1397493.0
2057,F,47,1375267.0
2058,F,47,1381293.0
2059,F,47,1389726.0
2060,F,47,1384675.0
2061,F,47,1399322.0
2062,F,47,1428295.0
2063,F,47,1398200.0
2064,F,47,1368406.0
2065,F,47,1388746.0
2066,F,47,1373981.0
2067,F,47,1322051.0
2068,F,47,1278589.0
2069,F,47,1236122.0
2070,F,47,1204427.0
2000,F,48,888439.0
2001,F,48,922431.0
2002,F,48,956753.0
2003,F,48,991219.0
2004,F,48,1025118.0
2005,F,48,1058575.0
2006,F,48,1092063.0
2007,F,48,1125655.0
2008,F,48,1158683.0
2009,F,48,1191487.0
2010,F,48,1222082.0
2011,F,48,1247270.0
2012,F,48,1274145.0
2013,F,48,1295251.0
2014,F,48,1309067.0
2015,F,48,1317705.0
2016,F,48,1325011.0
2017,F,48,1334175.0
2018,F,48,1345816.0
2019,F,48,1361614.0
2020,F,48,1380887.0
2021,F,48,1397183.0
2022,F,48,1414637.0
2023,F,48,1442809.0
2024,F,48,1483981.0
2025,F,48,1532799.0
2026,F,48,1584045.0
2027,F,48,1629856.0
2028,F,48,1664639.0
2029,F,48,1683132.0
2030,F,48,1688637.0
2031,F,48,1690907.0
2032,F,48,1692946.0
2033,F,48,1688060.0
2034,F,48,1675227.0
2035,F,48,1656951.0
2036,F,48,1633677.0
2037,F,48,1611454.0
2038,F,48,1596924.0
2039,F,48,1593618.0
2040,F,48,1598319.0
2041,F,48,1603725.0
2042,F,48,1605870.0
2043,F,48,1606900.0
2044,F,48,1605561.0
2045,F,48,1601630.0
2046,F,48,1598225.0
2047,F,48,1593302.0
2048,F,48,1576947.0
2049,F,48,1544423.0
2050,F,48,1513489.0
2051,F,48,1487688.0
2052,F,48,1468370.0
2053,F,48,1454072.0
2054,F,48,1448726.0
2055,F,48,1413670.0
2056,F,48,1402627.0
2057,F,48,1395693.0
2058,F,48,1373525.0
2059,F,48,1379582.0
2060,F,48,1388035.0
2061,F,48,1383022.0
2062,F,48,1397687.0
2063,F,48,1426655.0
2064,F,48,1396626.0
2065,F,48,1366893.0
2066,F,48,1387241.0
2067,F,48,1372520.0
2068,F,48,1320671.0
2069,F,48,1277279.0
2070,F,48,1234877.0
2000,F,49,851060.0
2001,F,49,884501.0
2002,F,49,918443.0
2003,F,49,952721.0
2004,F,49,987162.0
2005,F,49,1021063.0
2006,F,49,1054527.0
2007,F,49,1088007.0
2008,F,49,1121552.0
2009,F,49,1154518.0
2010,F,49,1187053.0
2011,F,49,1217435.0
2012,F,49,1242783.0
2013,F,49,1269791.0
2014,F,49,1290966.0
2015,F,49,1304772.0
2016,F,49,1313406.0
2017,F,49,1320708.0
2018,F,49,1329881.0
2019,F,49,1341775.0
2020,F,49,1357406.0
2021,F,49,1375438.0
2022,F,49,1391827.0
2023,F,49,1410308.0
2024,F,49,1439111.0
2025,F,49,1480273.0
2026,F,49,1529069.0
2027,F,49,1580284.0
2028,F,49,1626084.0
2029,F,49,1660886.0
2030,F,49,1679433.0
2031,F,49,1685011.0
2032,F,49,1687349.0
2033,F,49,1689451.0
2034,F,49,1684640.0
2035,F,49,1671900.0
2036,F,49,1653719.0
2037,F,49,1630546.0
2038,F,49,1608419.0
2039,F,49,1593969.0
2040,F,49,1590720.0
2041,F,49,1595462.0
2042,F,49,1600917.0
2043,F,49,1603118.0
2044,F,49,1604204.0
2045,F,49,1602921.0
2046,F,49,1599051.0
2047,F,49,1595705.0
2048,F,49,1590840.0
2049,F,49,1574560.0
2050,F,49,1542131.0
2051,F,49,1511288.0
2052,F,49,1485567.0
2053,F,49,1466321.0
2054,F,49,1452080.0
2055,F,49,1446780.0
2056,F,49,1411810.0
2057,F,49,1400816.0
2058,F,49,1393928.0
2059,F,49,1371820.0
2060,F,49,1377905.0
2061,F,49,1386379.0
2062,F,49,1381403.0
2063,F,49,1396083.0
2064,F,49,1425047.0
2065,F,49,1395083.0
2066,F,49,1365410.0
2067,F,49,1385760.0
2068,F,49,1371085.0
2069,F,49,1319317.0
2070,F,49,1275992.0
2000,F,50,814342.0
2001,F,50,846975.0
2002,F,50,880373.0
2003,F,50,914276.0
2004,F,50,948526.0
2005,F,50,982951.0
2006,F,50,1016857.0
2007,F,50,1050299.0
2008,F,50,1083710.0
2009,F,50,1117181.0
2010,F,50,1149893.0
2011,F,50,1182253.0
2012,F,50,1212771.0
2013,F,50,1238246.0
2014,F,50,1265300.0
2015,F,50,1286441.0
2016,F,50,1300218.0
2017,F,50,1308850.0
2018,F,50,1316172.0
2019,F,50,1325573.0
2020,F,50,1337274.0
2021,F,50,1351654.0
2022,F,50,1369818.0
2023,F,50,1387292.0
2024,F,50,1405882.0
2025,F,50,1434702.0
2026,F,50,1475844.0
2027,F,50,1524607.0
2028,F,50,1575782.0
2029,F,50,1621563.0
2030,F,50,1656379.0
2031,F,50,1674974.0
2032,F,50,1680628.0
2033,F,50,1683046.0
2034,F,50,1685222.0
2035,F,50,1680504.0
2036,F,50,1667872.0
2037,F,50,1649810.0
2038,F,50,1626760.0
2039,F,50,1604751.0
2040,F,50,1590399.0
2041,F,50,1587223.0
2042,F,50,1592026.0
2043,F,50,1597537.0
2044,F,50,1599800.0
2045,F,50,1600952.0
2046,F,50,1599736.0
2047,F,50,1595935.0
2048,F,50,1592659.0
2049,F,50,1587864.0
2050,F,50,1571672.0
2051,F,50,1539361.0
2052,F,50,1508629.0
2053,F,50,1483001.0
2054,F,50,1463838.0
2055,F,50,1449672.0
2056,F,50,1444425.0
2057,F,50,1409557.0
2058,F,50,1398623.0
2059,F,50,1391789.0
2060,F,50,1369750.0
2061,F,50,1375868.0
2062,F,50,1384367.0
2063,F,50,1379435.0
2064,F,50,1394130.0
2065,F,50,1423088.0
2066,F,50,1393204.0
2067,F,50,1363605.0
2068,F,50,1383960.0
2069,F,50,1369336.0
2070,F,50,1317663.0
2000,F,51,778296.0
2001,F,51,810110.0
2002,F,51,842703.0
2003,F,51,876069.0
2004,F,51,909941.0
2005,F,51,944166.0
2006,F,51,978587.0
2007,F,51,1012463.0
2008,F,51,1045816.0
2009,F,51,1079126.0
2010,F,51,1112361.0
2011,F,51,1144927.0
2012,F,51,1177409.0
2013,F,51,1208043.0
2014,F,51,1233548.0
2015,F,51,1260537.0
2016,F,51,1281626.0
2017,F,51,1295393.0
2018,F,51,1304055.0
2019,F,51,1311587.0
2020,F,51,1320768.0
2021,F,51,1331184.0
2022,F,51,1345767.0
2023,F,51,1365067.0
2024,F,51,1382123.0
2025,F,51,1400759.0
2026,F,51,1429595.0
2027,F,51,1470713.0
2028,F,51,1519424.0
2029,F,51,1570550.0
2030,F,51,1616302.0
2031,F,51,1651122.0
2032,F,51,1669763.0
2033,F,51,1675503.0
2034,F,51,1678014.0
2035,F,51,1680279.0
2036,F,51,1675669.0
2037,F,51,1663164.0
2038,F,51,1645239.0
2039,F,51,1622335.0
2040,F,51,1600463.0
2041,F,51,1586229.0
2042,F,51,1583147.0
2043,F,51,1588019.0
2044,F,51,1593593.0
2045,F,51,1595931.0
2046,F,51,1597157.0
2047,F,51,1596020.0
2048,F,51,1592301.0
2049,F,51,1589106.0
2050,F,51,1584387.0
2051,F,51,1568299.0
2052,F,51,1536120.0
2053,F,51,1505517.0
2054,F,51,1480000.0
2055,F,51,1460933.0
2056,F,51,1446847.0
2057,F,51,1441667.0
2058,F,51,1406914.0
2059,F,51,1396048.0
2060,F,51,1389277.0
2061,F,51,1367325.0
2062,F,51,1373475.0
2063,F,51,1382003.0
2064,F,51,1377125.0
2065,F,51,1391836.0
2066,F,51,1420788.0
2067,F,51,1390993.0
2068,F,51,1361479.0
2069,F,51,1381840.0
2070,F,51,1367274.0
2000,F,52,742466.0
2001,F,52,773918.0
2002,F,52,805693.0
2003,F,52,838253.0
2004,F,52,871593.0
2005,F,52,905433.0
2006,F,52,939643.0
2007,F,52,974023.0
2008,F,52,1007791.0
2009,F,52,1041032.0
2010,F,52,1074119.0
2011,F,52,1107207.0
2012,F,52,1139889.0
2013,F,52,1172467.0
2014,F,52,1203119.0
2015,F,52,1228539.0
2016,F,52,1255459.0
2017,F,52,1276530.0
2018,F,52,1290330.0
2019,F,52,1299187.0
2020,F,52,1306456.0
2021,F,52,1314291.0
2022,F,52,1324982.0
2023,F,52,1340777.0
2024,F,52,1359997.0
2025,F,52,1377106.0
2026,F,52,1395783.0
2027,F,52,1424631.0
2028,F,52,1465720.0
2029,F,52,1514380.0
2030,F,52,1565450.0
2031,F,52,1611166.0
2032,F,52,1645982.0
2033,F,52,1664667.0
2034,F,52,1670491.0
2035,F,52,1673086.0
2036,F,52,1675439.0
2037,F,52,1670935.0
2038,F,52,1658551.0
2039,F,52,1640762.0
2040,F,52,1617998.0
2041,F,52,1596269.0
2042,F,52,1582152.0
2043,F,52,1579163.0
2044,F,52,1584103.0
2045,F,52,1589741.0
2046,F,52,1592148.0
2047,F,52,1593448.0
2048,F,52,1592382.0
2049,F,52,1588745.0
2050,F,52,1585625.0
2051,F,52,1580988.0
2052,F,52,1564998.0
2053,F,52,1532951.0
2054,F,52,1502470.0
2055,F,52,1477065.0
2056,F,52,1458086.0
2057,F,52,1444082.0
2058,F,52,1438963.0
2059,F,52,1404327.0
2060,F,52,1393526.0
2061,F,52,1386814.0
2062,F,52,1364948.0
2063,F,52,1371131.0
2064,F,52,1379689.0
2065,F,52,1374860.0
2066,F,52,1389583.0
2067,F,52,1418527.0
2068,F,52,1388823.0
2069,F,52,1359395.0
2070,F,52,1379761.0
2000,F,53,706991.0
2001,F,53,737965.0
2002,F,53,769370.0
2003,F,53,801113.0
2004,F,53,833633.0
2005,F,53,866937.0
2006,F,53,900747.0
2007,F,53,934912.0
2008,F,53,969173.0
2009,F,53,1002824.0
2010,F,53,1035847.0
2011,F,53,1068794.0
2012,F,53,1101959.0
2013,F,53,1134719.0
2014,F,53,1167302.0
2015,F,53,1197859.0
2016,F,53,1223191.0
2017,F,53,1250085.0
2018,F,53,1271184.0
2019,F,53,1285155.0
2020,F,53,1293705.0
2021,F,53,1299514.0
2022,F,53,1307696.0
2023,F,53,1319694.0
2024,F,53,1335809.0
2025,F,53,1355067.0
2026,F,53,1372222.0
2027,F,53,1390941.0
2028,F,53,1419795.0
2029,F,53,1460854.0
2030,F,53,1509459.0
2031,F,53,1560470.0
2032,F,53,1606143.0
2033,F,53,1640956.0
2034,F,53,1659683.0
2035,F,53,1665586.0
2036,F,53,1668265.0
2037,F,53,1670703.0
2038,F,53,1666304.0
2039,F,53,1654036.0
2040,F,53,1636376.0
2041,F,53,1613758.0
2042,F,53,1592168.0
2043,F,53,1578172.0
2044,F,53,1575269.0
2045,F,53,1580273.0
2046,F,53,1585975.0
2047,F,53,1588447.0
2048,F,53,1589818.0
2049,F,53,1588827.0
2050,F,53,1585263.0
2051,F,53,1582220.0
2052,F,53,1577659.0
2053,F,53,1561766.0
2054,F,53,1529849.0
2055,F,53,1499486.0
2056,F,53,1474188.0
2057,F,53,1455299.0
2058,F,53,1441375.0
2059,F,53,1436317.0
2060,F,53,1401794.0
2061,F,53,1391056.0
2062,F,53,1384403.0
2063,F,53,1362621.0
2064,F,53,1368831.0
2065,F,53,1377417.0
2066,F,53,1372639.0
2067,F,53,1387377.0
2068,F,53,1416316.0
2069,F,53,1386695.0
2070,F,53,1357351.0
2000,F,54,672428.0
2001,F,54,702382.0
2002,F,54,733291.0
2003,F,54,764656.0
2004,F,54,796355.0
2005,F,54,828830.0
2006,F,54,862091.0
2007,F,54,895841.0
2008,F,54,929889.0
2009,F,54,964029.0
2010,F,54,997473.0
2011,F,54,1030350.0
2012,F,54,1063339.0
2013,F,54,1096544.0
2014,F,54,1129298.0
2015,F,54,1161786.0
2016,F,54,1192243.0
2017,F,54,1217551.0
2018,F,54,1244459.0
2019,F,54,1265698.0
2020,F,54,1279306.0
2021,F,54,1286248.0
2022,F,54,1292437.0
2023,F,54,1302059.0
2024,F,54,1314815.0
2025,F,54,1330974.0
2026,F,54,1350265.0
2027,F,54,1367462.0
2028,F,54,1386221.0
2029,F,54,1415081.0
2030,F,54,1456105.0
2031,F,54,1504654.0
2032,F,54,1555605.0
2033,F,54,1601233.0
2034,F,54,1636037.0
2035,F,54,1654807.0
2036,F,54,1660788.0
2037,F,54,1663548.0
2038,F,54,1666066.0
2039,F,54,1661768.0
2040,F,54,1649612.0
2041,F,54,1632089.0
2042,F,54,1609613.0
2043,F,54,1588163.0
2044,F,54,1574278.0
2045,F,54,1571461.0
2046,F,54,1576526.0
2047,F,54,1582289.0
2048,F,54,1584828.0
2049,F,54,1586267.0
2050,F,54,1585348.0
2051,F,54,1581862.0
2052,F,54,1578891.0
2053,F,54,1574401.0
2054,F,54,1558603.0
2055,F,54,1526810.0
2056,F,54,1496567.0
2057,F,54,1471371.0
2058,F,54,1452571.0
2059,F,54,1438726.0
2060,F,54,1433725.0
2061,F,54,1399311.0
2062,F,54,1388636.0
2063,F,54,1382039.0
2064,F,54,1360338.0
2065,F,54,1366580.0
2066,F,54,1375191.0
2067,F,54,1370461.0
2068,F,54,1385213.0
2069,F,54,1414145.0
2070,F,54,1384610.0
2000,F,55,638240.0
2001,F,55,667717.0
2002,F,55,697603.0
2003,F,55,728448.0
2004,F,55,759750.0
2005,F,55,791403.0
2006,F,55,823821.0
2007,F,55,857007.0
2008,F,55,890645.0
2009,F,55,924577.0
2010,F,55,958517.0
2011,F,55,991806.0
2012,F,55,1024678.0
2013,F,55,1057683.0
2014,F,55,1090856.0
2015,F,55,1123521.0
2016,F,55,1155913.0
2017,F,55,1186329.0
2018,F,55,1211645.0
2019,F,55,1238650.0
2020,F,55,1259472.0
2021,F,55,1271298.0
2022,F,55,1278635.0
2023,F,55,1286407.0
2024,F,55,1296107.0
2025,F,55,1308929.0
2026,F,55,1325137.0
2027,F,55,1344467.0
2028,F,55,1361714.0
2029,F,55,1380515.0
2030,F,55,1409374.0
2031,F,55,1450355.0
2032,F,55,1498832.0
2033,F,55,1549702.0
2034,F,55,1595277.0
2035,F,55,1630069.0
2036,F,55,1648889.0
2037,F,55,1654962.0
2038,F,55,1657822.0
2039,F,55,1660438.0
2040,F,55,1656258.0
2041,F,55,1644245.0
2042,F,55,1626886.0
2043,F,55,1604583.0
2044,F,55,1583299.0
2045,F,55,1569550.0
2046,F,55,1566831.0
2047,F,55,1571973.0
2048,F,55,1577805.0
2049,F,55,1580422.0
2050,F,55,1581942.0
2051,F,55,1581107.0
2052,F,55,1577712.0
2053,F,55,1574827.0
2054,F,55,1570421.0
2055,F,55,1554739.0
2056,F,55,1523098.0
2057,F,55,1492997.0
2058,F,55,1467923.0
2059,F,55,1449229.0
2060,F,55,1435477.0
2061,F,55,1430545.0
2062,F,55,1396263.0
2063,F,55,1385666.0
2064,F,55,1379135.0
2065,F,55,1357528.0
2066,F,55,1363808.0
2067,F,55,1372450.0
2068,F,55,1367774.0
2069,F,55,1382545.0
2070,F,55,1411469.0
2000,F,56,606286.0
2001,F,56,633428.0
2002,F,56,662823.0
2003,F,56,692620.0
2004,F,56,723401.0
2005,F,56,754644.0
2006,F,56,786224.0
2007,F,56,818554.0
2008,F,56,851636.0
2009,F,56,885163.0
2010,F,56,918893.0
2011,F,56,952665.0
2012,F,56,985916.0
2013,F,56,1018765.0
2014,F,56,1051721.0
2015,F,56,1084794.0
2016,F,56,1117367.0
2017,F,56,1149718.0
2018,F,56,1180132.0
2019,F,56,1205503.0
2020,F,56,1232025.0
2021,F,56,1250907.0
2022,F,56,1263120.0
2023,F,56,1272194.0
2024,F,56,1279374.0
2025,F,56,1289165.0
2026,F,56,1302064.0
2027,F,56,1318326.0
2028,F,56,1337702.0
2029,F,56,1355000.0
2030,F,56,1373843.0
2031,F,56,1402701.0
2032,F,56,1443627.0
2033,F,56,1492017.0
2034,F,56,1542792.0
2035,F,56,1588304.0
2036,F,56,1623081.0
2037,F,56,1641958.0
2038,F,56,1648135.0
2039,F,56,1651112.0
2040,F,56,1653843.0
2041,F,56,1649805.0
2042,F,56,1637964.0
2043,F,56,1620793.0
2044,F,56,1598688.0
2045,F,56,1577597.0
2046,F,56,1564006.0
2047,F,56,1561400.0
2048,F,56,1566628.0
2049,F,56,1572541.0
2050,F,56,1575247.0
2051,F,56,1576860.0
2052,F,56,1576120.0
2053,F,56,1572829.0
2054,F,56,1570042.0
2055,F,56,1565737.0
2056,F,56,1550187.0
2057,F,56,1518719.0
2058,F,56,1488786.0
2059,F,56,1463856.0
2060,F,56,1445285.0
2061,F,56,1431638.0
2062,F,56,1426788.0
2063,F,56,1392662.0
2064,F,56,1382155.0
2065,F,56,1375699.0
2066,F,56,1354204.0
2067,F,56,1360525.0
2068,F,56,1369200.0
2069,F,56,1364594.0
2070,F,56,1379381.0
2000,F,57,579339.0
2001,F,57,601327.0
2002,F,57,628393.0
2003,F,57,657686.0
2004,F,57,687412.0
2005,F,57,718131.0
2006,F,57,749300.0
2007,F,57,780781.0
2008,F,57,812995.0
2009,F,57,845975.0
2010,F,57,879305.0
2011,F,57,912856.0
2012,F,57,946557.0
2013,F,57,979749.0
2014,F,57,1012533.0
2015,F,57,1045378.0
2016,F,57,1078353.0
2017,F,57,1110866.0
2018,F,57,1143204.0
2019,F,57,1173645.0
2020,F,57,1198452.0
2021,F,57,1222930.0
2022,F,57,1242164.0
2023,F,57,1256249.0
2024,F,57,1265239.0
2025,F,57,1272525.0
2026,F,57,1282403.0
2027,F,57,1295371.0
2028,F,57,1311689.0
2029,F,57,1331101.0
2030,F,57,1348450.0
2031,F,57,1367336.0
2032,F,57,1396188.0
2033,F,57,1437057.0
2034,F,57,1485364.0
2035,F,57,1536044.0
2036,F,57,1581490.0
2037,F,57,1616253.0
2038,F,57,1635183.0
2039,F,57,1641464.0
2040,F,57,1644552.0
2041,F,57,1647398.0
2042,F,57,1643500.0
2043,F,57,1631829.0
2044,F,57,1614840.0
2045,F,57,1592931.0
2046,F,57,1572026.0
2047,F,57,1558586.0
2048,F,57,1556093.0
2049,F,57,1561403.0
2050,F,57,1567392.0
2051,F,57,1570186.0
2052,F,57,1571888.0
2053,F,57,1571243.0
2054,F,57,1568052.0
2055,F,57,1565360.0
2056,F,57,1561153.0
2057,F,57,1545730.0
2058,F,57,1514435.0
2059,F,57,1484660.0
2060,F,57,1459871.0
2061,F,57,1441421.0
2062,F,57,1427879.0
2063,F,57,1423109.0
2064,F,57,1389132.0
2065,F,57,1378710.0
2066,F,57,1372331.0
2067,F,57,1350947.0
2068,F,57,1357305.0
2069,F,57,1366012.0
2070,F,57,1361471.0
2000,F,58,558590.0
2001,F,58,574161.0
2002,F,58,596096.0
2003,F,58,623062.0
2004,F,58,652304.0
2005,F,58,681976.0
2006,F,58,712630.0
2007,F,58,743681.0
2008,F,58,775053.0
2009,F,58,807148.0
2010,F,58,839938.0
2011,F,58,873076.0
2012,F,58,906531.0
2013,F,58,940151.0
2014,F,58,973256.0
2015,F,58,1005916.0
2016,F,58,1038645.0
2017,F,58,1071545.0
2018,F,58,1104014.0
2019,F,58,1136344.0
2020,F,58,1166147.0
2021,F,58,1188843.0
2022,F,58,1213651.0
2023,F,58,1234850.0
2024,F,58,1249387.0
2025,F,58,1258466.0
2026,F,58,1265851.0
2027,F,58,1275811.0
2028,F,58,1288846.0
2029,F,58,1305216.0
2030,F,58,1324665.0
2031,F,58,1342061.0
2032,F,58,1360985.0
2033,F,58,1389830.0
2034,F,58,1430644.0
2035,F,58,1478862.0
2036,F,58,1529453.0
2037,F,58,1574834.0
2038,F,58,1609582.0
2039,F,58,1628560.0
2040,F,58,1634941.0
2041,F,58,1638144.0
2042,F,58,1641102.0
2043,F,58,1637343.0
2044,F,58,1625835.0
2045,F,58,1609022.0
2046,F,58,1587304.0
2047,F,58,1566578.0
2048,F,58,1553285.0
2049,F,58,1550903.0
2050,F,58,1556293.0
2051,F,58,1562359.0
2052,F,58,1565236.0
2053,F,58,1567024.0
2054,F,58,1566470.0
2055,F,58,1563376.0
2056,F,58,1560779.0
2057,F,58,1556665.0
2058,F,58,1541368.0
2059,F,58,1510235.0
2060,F,58,1480622.0
2061,F,58,1455969.0
2062,F,58,1437638.0
2063,F,58,1424195.0
2064,F,58,1419502.0
2065,F,58,1385671.0
2066,F,58,1375334.0
2067,F,58,1369029.0
2068,F,58,1347748.0
2069,F,58,1354147.0
2070,F,58,1362887.0
2000,F,59,542313.0
2001,F,59,553122.0
2002,F,59,568672.0
2003,F,59,590534.0
2004,F,59,617480.0
2005,F,59,646696.0
2006,F,59,676315.0
2007,F,59,706852.0
2008,F,59,737770.0
2009,F,59,769018.0
2010,F,59,800924.0
2011,F,59,833515.0
2012,F,59,866539.0
2013,F,59,899902.0
2014,F,59,933419.0
2015,F,59,966381.0
2016,F,59,998896.0
2017,F,59,1031513.0
2018,F,59,1064338.0
2019,F,59,1096768.0
2020,F,59,1128384.0
2021,F,59,1156046.0
2022,F,59,1179064.0
2023,F,59,1205879.0
2024,F,59,1228099.0
2025,F,59,1242698.0
2026,F,59,1251864.0
2027,F,59,1259344.0
2028,F,59,1269382.0
2029,F,59,1282483.0
2030,F,59,1298900.0
2031,F,59,1318384.0
2032,F,59,1335826.0
2033,F,59,1354786.0
2034,F,59,1383624.0
2035,F,59,1424380.0
2036,F,59,1472514.0
2037,F,59,1523017.0
2038,F,59,1568332.0
2039,F,59,1603062.0
2040,F,59,1622085.0
2041,F,59,1628568.0
2042,F,59,1631884.0
2043,F,59,1634954.0
2044,F,59,1631329.0
2045,F,59,1619976.0
2046,F,59,1603335.0
2047,F,59,1581804.0
2048,F,59,1561255.0
2049,F,59,1548105.0
2050,F,59,1545827.0
2051,F,59,1551292.0
2052,F,59,1557436.0
2053,F,59,1560391.0
2054,F,59,1562264.0
2055,F,59,1561798.0
2056,F,59,1558800.0
2057,F,59,1556293.0
2058,F,59,1552274.0
2059,F,59,1537095.0
2060,F,59,1506125.0
2061,F,59,1476664.0
2062,F,59,1452145.0
2063,F,59,1433928.0
2064,F,59,1420588.0
2065,F,59,1415968.0
2066,F,59,1382278.0
2067,F,59,1372023.0
2068,F,59,1365790.0
2069,F,59,1344612.0
2070,F,59,1351047.0
2000,F,60,528218.0
2001,F,60,536524.0
2002,F,60,547342.0
2003,F,60,562866.0
2004,F,60,584743.0
2005,F,60,611700.0
2006,F,60,640886.0
2007,F,60,670378.0
2008,F,60,700767.0
2009,F,60,731545.0
2010,F,60,762601.0
2011,F,60,794299.0
2012,F,60,826765.0
2013,F,60,859695.0
2014,F,60,892946.0
2015,F,60,926283.0
2016,F,60,959068.0
2017,F,60,991443.0
2018,F,60,1023944.0
2019,F,60,1056707.0
2020,F,60,1088338.0
2021,F,60,1117814.0
2022,F,60,1145807.0
2023,F,60,1170838.0
2024,F,60,1197581.0
2025,F,60,1219817.0
2026,F,60,1234484.0
2027,F,60,1243753.0
2028,F,60,1251345.0
2029,F,60,1261479.0
2030,F,60,1274655.0
2031,F,60,1291128.0
2032,F,60,1310650.0
2033,F,60,1328142.0
2034,F,60,1347145.0
2035,F,60,1375973.0
2036,F,60,1416655.0
2037,F,60,1464681.0
2038,F,60,1515070.0
2039,F,60,1560305.0
2040,F,60,1595011.0
2041,F,60,1614092.0
2042,F,60,1620697.0
2043,F,60,1624153.0
2044,F,60,1627355.0
2045,F,60,1623891.0
2046,F,60,1612726.0
2047,F,60,1596296.0
2048,F,60,1574991.0
2049,F,60,1554655.0
2050,F,60,1541679.0
2051,F,60,1539529.0
2052,F,60,1545085.0
2053,F,60,1551317.0
2054,F,60,1554367.0
2055,F,60,1556344.0
2056,F,60,1555985.0
2057,F,60,1553102.0
2058,F,60,1550700.0
2059,F,60,1546793.0
2060,F,60,1531764.0
2061,F,60,1500992.0
2062,F,60,1471720.0
2063,F,60,1447365.0
2064,F,60,1429287.0
2065,F,60,1416068.0
2066,F,60,1411538.0
2067,F,60,1378024.0
2068,F,60,1367872.0
2069,F,60,1361720.0
2070,F,60,1340672.0
2000,F,61,513432.0
2001,F,61,522095.0
2002,F,61,530450.0
2003,F,61,541288.0
2004,F,61,556860.0
2005,F,61,578791.0
2006,F,61,605744.0
2007,F,61,634796.0
2008,F,61,664122.0
2009,F,61,694349.0
2010,F,61,724925.0
2011,F,61,755770.0
2012,F,61,787336.0
2013,F,61,819692.0
2014,F,61,852504.0
2015,F,61,885570.0
2016,F,61,918688.0
2017,F,61,951283.0
2018,F,61,983512.0
2019,F,61,1015919.0
2020,F,61,1047820.0
2021,F,61,1077280.0
2022,F,61,1107124.0
2023,F,61,1137113.0
2024,F,61,1161073.0
2025,F,61,1187790.0
2026,F,61,1210044.0
2027,F,61,1224788.0
2028,F,61,1234178.0
2029,F,61,1241898.0
2030,F,61,1252142.0
2031,F,61,1265402.0
2032,F,61,1281942.0
2033,F,61,1301510.0
2034,F,61,1319053.0
2035,F,61,1338108.0
2036,F,61,1366919.0
2037,F,61,1407512.0
2038,F,61,1455408.0
2039,F,61,1505658.0
2040,F,61,1550793.0
2041,F,61,1585473.0
2042,F,61,1604625.0
2043,F,61,1611374.0
2044,F,61,1614984.0
2045,F,61,1618342.0
2046,F,61,1615067.0
2047,F,61,1604126.0
2048,F,61,1587940.0
2049,F,61,1566894.0
2050,F,61,1546811.0
2051,F,61,1534043.0
2052,F,61,1532036.0
2053,F,61,1537698.0
2054,F,61,1544031.0
2055,F,61,1547196.0
2056,F,61,1549289.0
2057,F,61,1549050.0
2058,F,61,1546304.0
2059,F,61,1544029.0
2060,F,61,1540252.0
2061,F,61,1525398.0
2062,F,61,1494860.0
2063,F,61,1465807.0
2064,F,61,1441648.0
2065,F,61,1423736.0
2066,F,61,1410657.0
2067,F,61,1406233.0
2068,F,61,1372928.0
2069,F,61,1362894.0
2070,F,61,1356842.0
2000,F,62,496796.0
2001,F,62,506988.0
2002,F,62,515716.0
2003,F,62,524120.0
2004,F,62,535036.0
2005,F,62,550682.0
2006,F,62,572637.0
2007,F,62,599469.0
2008,F,62,628340.0
2009,F,62,657503.0
2010,F,62,687523.0
2011,F,62,717886.0
2012,F,62,748575.0
2013,F,62,780039.0
2014,F,62,812258.0
2015,F,62,844852.0
2016,F,62,877677.0
2017,F,62,910576.0
2018,F,62,942988.0
2019,F,62,975083.0
2020,F,62,1006570.0
2021,F,62,1036247.0
2022,F,62,1066113.0
2023,F,62,1097946.0
2024,F,62,1127619.0
2025,F,62,1151571.0
2026,F,62,1178269.0
2027,F,62,1200535.0
2028,F,62,1215355.0
2029,F,62,1224859.0
2030,F,62,1232704.0
2031,F,62,1243055.0
2032,F,62,1256399.0
2033,F,62,1272996.0
2034,F,62,1292604.0
2035,F,62,1310203.0
2036,F,62,1329302.0
2037,F,62,1358093.0
2038,F,62,1398598.0
2039,F,62,1446362.0
2040,F,62,1496477.0
2041,F,62,1541515.0
2042,F,62,1576170.0
2043,F,62,1595392.0
2044,F,62,1602278.0
2045,F,62,1606039.0
2046,F,62,1609544.0
2047,F,62,1606452.0
2048,F,62,1595728.0
2049,F,62,1579780.0
2050,F,62,1558988.0
2051,F,62,1539147.0
2052,F,62,1526579.0
2053,F,62,1524713.0
2054,F,62,1530478.0
2055,F,62,1536907.0
2056,F,62,1540183.0
2057,F,62,1542388.0
2058,F,62,1542270.0
2059,F,62,1539651.0
2060,F,62,1537499.0
2061,F,62,1533848.0
2062,F,62,1519166.0
2063,F,62,1488853.0
2064,F,62,1460018.0
2065,F,62,1436048.0
2066,F,62,1418295.0
2067,F,62,1405351.0
2068,F,62,1401035.0
2069,F,62,1367934.0
2070,F,62,1358012.0
2000,F,63,477045.0
2001,F,63,490054.0
2002,F,63,500305.0
2003,F,63,509082.0
2004,F,63,517550.0
2005,F,63,528551.0
2006,F,63,544237.0
2007,F,63,566099.0
2008,F,63,592762.0
2009,F,63,621485.0
2010,F,63,650441.0
2011,F,63,680255.0
2012,F,63,710449.0
2013,F,63,741028.0
2014,F,63,772344.0
2015,F,63,804324.0
2016,F,63,836648.0
2017,F,63,869230.0
2018,F,63,901919.0
2019,F,63,934153.0
2020,F,63,965264.0
2021,F,63,994433.0
2022,F,63,1024550.0
2023,F,63,1056413.0
2024,F,63,1088778.0
2025,F,63,1118390.0
2026,F,63,1142335.0
2027,F,63,1169011.0
2028,F,63,1191288.0
2029,F,63,1206178.0
2030,F,63,1215792.0
2031,F,63,1223755.0
2032,F,63,1234206.0
2033,F,63,1247631.0
2034,F,63,1264283.0
2035,F,63,1283930.0
2036,F,63,1301580.0
2037,F,63,1320718.0
2038,F,63,1349487.0
2039,F,63,1389905.0
2040,F,63,1437542.0
2041,F,63,1487524.0
2042,F,63,1532471.0
2043,F,63,1567095.0
2044,F,63,1586382.0
2045,F,63,1593401.0
2046,F,63,1597308.0
2047,F,63,1600958.0
2048,F,63,1598041.0
2049,F,63,1587524.0
2050,F,63,1571807.0
2051,F,63,1551264.0
2052,F,63,1531658.0
2053,F,63,1519283.0
2054,F,63,1517553.0
2055,F,63,1523418.0
2056,F,63,1529942.0
2057,F,63,1533323.0
2058,F,63,1535636.0
2059,F,63,1535634.0
2060,F,63,1533139.0
2061,F,63,1531105.0
2062,F,63,1527581.0
2063,F,63,1513059.0
2064,F,63,1482969.0
2065,F,63,1454344.0
2066,F,63,1430557.0
2067,F,63,1412965.0
2068,F,63,1400152.0
2069,F,63,1395936.0
2070,F,63,1363038.0
2000,F,64,455222.0
2001,F,64,470022.0
2002,F,64,483066.0
2003,F,64,493338.0
2004,F,64,502140.0
2005,F,64,510679.0
2006,F,64,521727.0
2007,F,64,537365.0
2008,F,64,559094.0
2009,F,64,585623.0
2010,F,64,614179.0
2011,F,64,642928.0
2012,F,64,672573.0
2013,F,64,702633.0
2014,F,64,733041.0
2015,F,64,764099.0
2016,F,64,795788.0
2017,F,64,827859.0
2018,F,64,860204.0
2019,F,64,892670.0
2020,F,64,923872.0
2021,F,64,952543.0
2022,F,64,982151.0
2023,F,64,1014306.0
2024,F,64,1047587.0
2025,F,64,1079870.0
2026,F,64,1109422.0
2027,F,64,1133353.0
2028,F,64,1160004.0
2029,F,64,1182290.0
2030,F,64,1197246.0
2031,F,64,1206967.0
2032,F,64,1215047.0
2033,F,64,1225592.0
2034,F,64,1239092.0
2035,F,64,1255800.0
2036,F,64,1275479.0
2037,F,64,1293175.0
2038,F,64,1312351.0
2039,F,64,1341099.0
2040,F,64,1381427.0
2041,F,64,1428940.0
2042,F,64,1478793.0
2043,F,64,1523649.0
2044,F,64,1558245.0
2045,F,64,1577593.0
2046,F,64,1584736.0
2047,F,64,1588784.0
2048,F,64,1592576.0
2049,F,64,1589827.0
2050,F,64,1579513.0
2051,F,64,1564017.0
2052,F,64,1543715.0
2053,F,64,1524339.0
2054,F,64,1512151.0
2055,F,64,1510552.0
2056,F,64,1516513.0
2057,F,64,1523131.0
2058,F,64,1526612.0
2059,F,64,1529032.0
2060,F,64,1529139.0
2061,F,64,1526765.0
2062,F,64,1524847.0
2063,F,64,1521441.0
2064,F,64,1507082.0
2065,F,64,1477206.0
2066,F,64,1448786.0
2067,F,64,1425178.0
2068,F,64,1407740.0
2069,F,64,1395057.0
2070,F,64,1390936.0
2000,F,65,433524.0
2001,F,65,447937.0
2002,F,65,462729.0
2003,F,65,475739.0
2004,F,65,485986.0
2005,F,65,494820.0
2006,F,65,503420.0
2007,F,65,514470.0
2008,F,65,530018.0
2009,F,65,551645.0
2010,F,65,578031.0
2011,F,65,606413.0
2012,F,65,634980.0
2013,F,65,664473.0
2014,F,65,694339.0
2015,F,65,724455.0
2016,F,65,755211.0
2017,F,65,786636.0
2018,F,65,818460.0
2019,F,65,850537.0
2020,F,65,881907.0
2021,F,65,910549.0
2022,F,65,939633.0
2023,F,65,971331.0
2024,F,65,1003466.0
2025,F,65,1036604.0
2026,F,65,1068765.0
2027,F,65,1098227.0
2028,F,65,1122128.0
2029,F,65,1148727.0
2030,F,65,1171010.0
2031,F,65,1186031.0
2032,F,65,1195868.0
2033,F,65,1204076.0
2034,F,65,1214727.0
2035,F,65,1228307.0
2036,F,65,1245062.0
2037,F,65,1264761.0
2038,F,65,1282503.0
2039,F,65,1301708.0
2040,F,65,1330414.0
2041,F,65,1370611.0
2042,F,65,1417949.0
2043,F,65,1467618.0
2044,F,65,1512334.0
2045,F,65,1546873.0
2046,F,65,1566277.0
2047,F,65,1573559.0
2048,F,65,1577770.0
2049,F,65,1581720.0
2050,F,65,1579168.0
2051,F,65,1569094.0
2052,F,65,1553867.0
2053,F,65,1533862.0
2054,F,65,1514763.0
2055,F,65,1502804.0
2056,F,65,1501356.0
2057,F,65,1507426.0
2058,F,65,1514142.0
2059,F,65,1517742.0
2060,F,65,1520279.0
2061,F,65,1520518.0
2062,F,65,1518286.0
2063,F,65,1516503.0
2064,F,65,1513236.0
2065,F,65,1499078.0
2066,F,65,1469471.0
2067,F,65,1441310.0
2068,F,65,1417926.0
2069,F,65,1400675.0
2070,F,65,1388153.0
2000,F,66,413260.0
2001,F,66,425962.0
2002,F,66,440332.0
2003,F,66,455038.0
2004,F,66,467965.0
2005,F,66,478207.0
2006,F,66,487100.0
2007,F,66,495752.0
2008,F,66,506762.0
2009,F,66,522242.0
2010,F,66,543753.0
2011,F,66,569998.0
2012,F,66,598187.0
2013,F,66,626584.0
2014,F,66,655853.0
2015,F,66,685406.0
2016,F,66,715201.0
2017,F,66,745686.0
2018,F,66,776854.0
2019,F,66,808368.0
2020,F,66,839292.0
2021,F,66,868011.0
2022,F,66,896989.0
2023,F,66,928233.0
2024,F,66,958628.0
2025,F,66,990585.0
2026,F,66,1023541.0
2027,F,66,1055537.0
2028,F,66,1084880.0
2029,F,66,1108734.0
2030,F,66,1135256.0
2031,F,66,1157517.0
2032,F,66,1172610.0
2033,F,66,1182568.0
2034,F,66,1190916.0
2035,F,66,1201678.0
2036,F,66,1215337.0
2037,F,66,1232136.0
2038,F,66,1251850.0
2039,F,66,1269627.0
2040,F,66,1288853.0
2041,F,66,1317495.0
2042,F,66,1357522.0
2043,F,66,1404632.0
2044,F,66,1454063.0
2045,F,66,1498589.0
2046,F,66,1533042.0
2047,F,66,1552498.0
2048,F,66,1559939.0
2049,F,66,1564322.0
2050,F,66,1568452.0
2051,F,66,1566126.0
2052,F,66,1556326.0
2053,F,66,1541415.0
2054,F,66,1521752.0
2055,F,66,1502981.0
2056,F,66,1491286.0
2057,F,66,1490014.0
2058,F,66,1496196.0
2059,F,66,1503023.0
2060,F,66,1506756.0
2061,F,66,1509427.0
2062,F,66,1509814.0
2063,F,66,1507742.0
2064,F,66,1506112.0
2065,F,66,1503011.0
2066,F,66,1489082.0
2067,F,66,1459801.0
2068,F,66,1431948.0
2069,F,66,1408834.0
2070,F,66,1391810.0
2000,F,67,394272.0
2001,F,67,405462.0
2002,F,67,418097.0
2003,F,67,432345.0
2004,F,67,446932.0
2005,F,67,459820.0
2006,F,67,470115.0
2007,F,67,479094.0
2008,F,67,487740.0
2009,F,67,498693.0
2010,F,67,514075.0
2011,F,67,535456.0
2012,F,67,561522.0
2013,F,67,589534.0
2014,F,67,617692.0
2015,F,67,646631.0
2016,F,67,675851.0
2017,F,67,705361.0
2018,F,67,735585.0
2019,F,67,766412.0
2020,F,67,796733.0
2021,F,67,824959.0
2022,F,67,853900.0
2023,F,67,885078.0
2024,F,67,916094.0
2025,F,67,946322.0
2026,F,67,978098.0
2027,F,67,1010871.0
2028,F,67,1042707.0
2029,F,67,1071928.0
2030,F,67,1095727.0
2031,F,67,1122176.0
2032,F,67,1144417.0
2033,F,67,1159569.0
2034,F,67,1169644.0
2035,F,67,1178121.0
2036,F,67,1188989.0
2037,F,67,1202719.0
2038,F,67,1219558.0
2039,F,67,1239285.0
2040,F,67,1257089.0
2041,F,67,1276335.0
2042,F,67,1304913.0
2043,F,67,1344770.0
2044,F,67,1391653.0
2045,F,67,1440846.0
2046,F,67,1485191.0
2047,F,67,1519554.0
2048,F,67,1539053.0
2049,F,67,1546645.0
2050,F,67,1551197.0
2051,F,67,1555494.0
2052,F,67,1553390.0
2053,F,67,1543858.0
2054,F,67,1529245.0
2055,F,67,1509912.0
2056,F,67,1491462.0
2057,F,67,1480022.0
2058,F,67,1478917.0
2059,F,67,1485214.0
2060,F,67,1492144.0
2061,F,67,1496000.0
2062,F,67,1498801.0
2063,F,67,1499331.0
2064,F,67,1497414.0
2065,F,67,1495933.0
2066,F,67,1492990.0
2067,F,67,1479284.0
2068,F,67,1450320.0
2069,F,67,1422765.0
2070,F,67,1399916.0
2000,F,68,377053.0
2001,F,68,386314.0
2002,F,68,397438.0
2003,F,68,409934.0
2004,F,68,424064.0
2005,F,68,438601.0
2006,F,68,451531.0
2007,F,68,461898.0
2008,F,68,470883.0
2009,F,68,479475.0
2010,F,68,490305.0
2011,F,68,505572.0
2012,F,68,526794.0
2013,F,68,552697.0
2014,F,68,580488.0
2015,F,68,608312.0
2016,F,68,636916.0
2017,F,68,665850.0
2018,F,68,695072.0
2019,F,68,724935.0
2020,F,68,754559.0
2021,F,68,782220.0
2022,F,68,810493.0
2023,F,68,841620.0
2024,F,68,873506.0
2025,F,68,904334.0
2026,F,68,934389.0
2027,F,68,965987.0
2028,F,68,998578.0
2029,F,68,1030254.0
2030,F,68,1059351.0
2031,F,68,1083098.0
2032,F,68,1109472.0
2033,F,68,1131686.0
2034,F,68,1146895.0
2035,F,68,1157078.0
2036,F,68,1165681.0
2037,F,68,1176644.0
2038,F,68,1190439.0
2039,F,68,1207314.0
2040,F,68,1227046.0
2041,F,68,1244882.0
2042,F,68,1264145.0
2043,F,68,1292652.0
2044,F,68,1332342.0
2045,F,68,1379002.0
2046,F,68,1427960.0
2047,F,68,1472118.0
2048,F,68,1506392.0
2049,F,68,1525933.0
2050,F,68,1533665.0
2051,F,68,1538380.0
2052,F,68,1542838.0
2053,F,68,1540942.0
2054,F,68,1531668.0
2055,F,68,1517353.0
2056,F,68,1498338.0
2057,F,68,1480196.0
2058,F,68,1469001.0
2059,F,68,1468061.0
2060,F,68,1474464.0
2061,F,68,1481495.0
2062,F,68,1485469.0
2063,F,68,1488391.0
2064,F,68,1489062.0
2065,F,68,1487295.0
2066,F,68,1485955.0
2067,F,68,1483164.0
2068,F,68,1469676.0
2069,F,68,1441020.0
2070,F,68,1413758.0
2000,F,69,361389.0
2001,F,69,369004.0
2002,F,69,378212.0
2003,F,69,389235.0
2004,F,69,401635.0
2005,F,69,415720.0
2006,F,69,430282.0
2007,F,69,443248.0
2008,F,69,453589.0
2009,F,69,462499.0
2010,F,69,470923.0
2011,F,69,481628.0
2012,F,69,496772.0
2013,F,69,517867.0
2014,F,69,543587.0
2015,F,69,571079.0
2016,F,69,598572.0
2017,F,69,626875.0
2018,F,69,655511.0
2019,F,69,684351.0
2020,F,69,713010.0
2021,F,69,740073.0
2022,F,69,767621.0
2023,F,69,797971.0
2024,F,69,830615.0
2025,F,69,862290.0
2026,F,69,892926.0
2027,F,69,922815.0
2028,F,69,954235.0
2029,F,69,986647.0
2030,F,69,1018160.0
2031,F,69,1047141.0
2032,F,69,1070832.0
2033,F,69,1097131.0
2034,F,69,1119314.0
2035,F,69,1134573.0
2036,F,69,1144858.0
2037,F,69,1153578.0
2038,F,69,1164634.0
2039,F,69,1178487.0
2040,F,69,1195393.0
2041,F,69,1215132.0
2042,F,69,1232991.0
2043,F,69,1252269.0
2044,F,69,1280706.0
2045,F,69,1320229.0
2046,F,69,1366669.0
2047,F,69,1415391.0
2048,F,69,1459365.0
2049,F,69,1493546.0
2050,F,69,1513123.0
2051,F,69,1520991.0
2052,F,69,1525862.0
2053,F,69,1530474.0
2054,F,69,1528778.0
2055,F,69,1519753.0
2056,F,69,1505721.0
2057,F,69,1487019.0
2058,F,69,1469175.0
2059,F,69,1458219.0
2060,F,69,1457438.0
2061,F,69,1463942.0
2062,F,69,1471066.0
2063,F,69,1475153.0
2064,F,69,1478194.0
2065,F,69,1478994.0
2066,F,69,1477375.0
2067,F,69,1476172.0
2068,F,69,1473529.0
2069,F,69,1460248.0
2070,F,69,1431897.0
2000,F,70,346678.0
2001,F,70,353289.0
2002,F,70,360896.0
2003,F,70,370045.0
2004,F,70,381019.0
2005,F,70,393392.0
2006,F,70,407481.0
2007,F,70,422023.0
2008,F,70,434901.0
2009,F,70,445140.0
2010,F,70,453825.0
2011,F,70,462086.0
2012,F,70,472724.0
2013,F,70,487802.0
2014,F,70,508760.0
2015,F,70,534214.0
2016,F,70,561402.0
2017,F,70,588576.0
2018,F,70,616556.0
2019,F,70,644814.0
2020,F,70,672457.0
2021,F,70,698688.0
2022,F,70,725478.0
2023,F,70,754950.0
2024,F,70,785152.0
2025,F,70,817483.0
2026,F,70,848870.0
2027,F,70,879248.0
2028,F,70,908897.0
2029,F,70,940070.0
2030,F,70,972231.0
2031,F,70,1003516.0
2032,F,70,1032314.0
2033,F,70,1055901.0
2034,F,70,1082064.0
2035,F,70,1104177.0
2036,F,70,1119456.0
2037,F,70,1129825.0
2038,F,70,1138650.0
2039,F,70,1149776.0
2040,F,70,1163666.0
2041,F,70,1180571.0
2042,F,70,1200280.0
2043,F,70,1218130.0
2044,F,70,1237387.0
2045,F,70,1265697.0
2046,F,70,1304962.0
2047,F,70,1351085.0
2048,F,70,1399466.0
2049,F,70,1443161.0
2050,F,70,1477180.0
2051,F,70,1496756.0
2052,F,70,1504751.0
2053,F,70,1509773.0
2054,F,70,1514540.0
2055,F,70,1513056.0
2056,F,70,1504316.0
2057,F,70,1490608.0
2058,F,70,1472272.0
2059,F,70,1454771.0
2060,F,70,1444084.0
2061,F,70,1443470.0
2062,F,70,1450071.0
2063,F,70,1457280.0
2064,F,70,1461480.0
2065,F,70,1464639.0
2066,F,70,1465579.0
2067,F,70,1464115.0
2068,F,70,1463060.0
2069,F,70,1460573.0
2070,F,70,1447542.0
2000,F,71,332190.0
2001,F,71,338528.0
2002,F,71,345177.0
2003,F,71,352758.0
2004,F,71,361906.0
2005,F,71,372882.0
2006,F,71,385229.0
2007,F,71,399242.0
2008,F,71,413637.0
2009,F,71,426372.0
2010,F,71,436337.0
2011,F,71,444829.0
2012,F,71,453060.0
2013,F,71,463691.0
2014,F,71,478684.0
2015,F,71,499419.0
2016,F,71,524572.0
2017,F,71,551445.0
2018,F,71,578264.0
2019,F,71,605857.0
2020,F,71,632958.0
2021,F,71,658275.0
2022,F,71,684127.0
2023,F,71,712640.0
2024,F,71,740513.0
2025,F,71,770356.0
2026,F,71,802300.0
2027,F,71,833329.0
2028,F,71,863378.0
2029,F,71,892721.0
2030,F,71,923573.0
2031,F,71,955416.0
2032,F,71,986404.0
2033,F,71,1014958.0
2034,F,71,1038393.0
2035,F,71,1064372.0
2036,F,71,1086361.0
2037,F,71,1101633.0
2038,F,71,1112070.0
2039,F,71,1120982.0
2040,F,71,1132162.0
2041,F,71,1146062.0
2042,F,71,1162939.0
2043,F,71,1182577.0
2044,F,71,1200385.0
2045,F,71,1219581.0
2046,F,71,1247704.0
2047,F,71,1286632.0
2048,F,71,1332333.0
2049,F,71,1380272.0
2050,F,71,1423593.0
2051,F,71,1457378.0
2052,F,71,1476921.0
2053,F,71,1485030.0
2054,F,71,1490206.0
2055,F,71,1495122.0
2056,F,71,1493864.0
2057,F,71,1485434.0
2058,F,71,1472094.0
2059,F,71,1454167.0
2060,F,71,1437058.0
2061,F,71,1426675.0
2062,F,71,1426235.0
2063,F,71,1432924.0
2064,F,71,1440209.0
2065,F,71,1444521.0
2066,F,71,1447797.0
2067,F,71,1448881.0
2068,F,71,1447585.0
2069,F,71,1446681.0
2070,F,71,1444364.0
2000,F,72,317104.0
2001,F,72,323915.0
2002,F,72,330299.0
2003,F,72,336950.0
2004,F,72,344551.0
2005,F,72,353716.0
2006,F,72,364653.0
2007,F,72,376878.0
2008,F,72,390712.0
2009,F,72,404934.0
2010,F,72,417364.0
2011,F,72,427098.0
2012,F,72,435573.0
2013,F,72,443821.0
2014,F,72,454406.0
2015,F,72,469207.0
2016,F,72,489672.0
2017,F,72,514503.0
2018,F,72,541018.0
2019,F,72,567447.0
2020,F,72,593900.0
2021,F,72,618770.0
2022,F,72,643629.0
2023,F,72,671008.0
2024,F,72,699011.0
2025,F,72,726555.0
2026,F,72,756046.0
2027,F,72,787610.0
2028,F,72,818288.0
2029,F,72,848011.0
2030,F,72,877053.0
2031,F,72,907594.0
2032,F,72,939119.0
2033,F,72,969817.0
2034,F,72,998127.0
2035,F,72,1021407.0
2036,F,72,1047197.0
2037,F,72,1069064.0
2038,F,72,1084319.0
2039,F,72,1094816.0
2040,F,72,1103812.0
2041,F,72,1115036.0
2042,F,72,1128945.0
2043,F,72,1145788.0
2044,F,72,1165348.0
2045,F,72,1183111.0
2046,F,72,1202244.0
2047,F,72,1230182.0
2048,F,72,1268774.0
2049,F,72,1314058.0
2050,F,72,1361560.0
2051,F,72,1404513.0
2052,F,72,1438062.0
2053,F,72,1457565.0
2054,F,72,1465779.0
2055,F,72,1471099.0
2056,F,72,1476153.0
2057,F,72,1475113.0
2058,F,72,1466982.0
2059,F,72,1453992.0
2060,F,72,1436462.0
2061,F,72,1419735.0
2062,F,72,1409643.0
2063,F,72,1409371.0
2064,F,72,1416143.0
2065,F,72,1423500.0
2066,F,72,1427911.0
2067,F,72,1431300.0
2068,F,72,1432515.0
2069,F,72,1431383.0
2070,F,72,1430630.0
2000,F,73,300827.0
2001,F,73,308559.0
2002,F,73,315384.0
2003,F,73,321737.0
2004,F,73,328402.0
2005,F,73,336030.0
2006,F,73,345160.0
2007,F,73,355974.0
2008,F,73,368005.0
2009,F,73,381664.0
2010,F,73,395585.0
2011,F,73,407749.0
2012,F,73,417452.0
2013,F,73,425937.0
2014,F,73,434127.0
2015,F,73,444525.0
2016,F,73,459073.0
2017,F,73,479249.0
2018,F,73,503748.0
2019,F,73,529892.0
2020,F,73,555206.0
2021,F,73,579464.0
2022,F,73,603830.0
2023,F,73,630044.0
2024,F,73,658176.0
2025,F,73,685843.0
2026,F,73,713063.0
2027,F,73,742209.0
2028,F,73,773396.0
2029,F,73,803726.0
2030,F,73,833125.0
2031,F,73,861875.0
2032,F,73,892110.0
2033,F,73,923321.0
2034,F,73,953729.0
2035,F,73,981800.0
2036,F,73,1004921.0
2037,F,73,1030521.0
2038,F,73,1052267.0
2039,F,73,1067498.0
2040,F,73,1078046.0
2041,F,73,1087120.0
2042,F,73,1098382.0
2043,F,73,1112296.0
2044,F,73,1129097.0
2045,F,73,1148582.0
2046,F,73,1166292.0
2047,F,73,1185356.0
2048,F,73,1213106.0
2049,F,73,1251367.0
2050,F,73,1296240.0
2051,F,73,1343307.0
2052,F,73,1385897.0
2053,F,73,1419212.0
2054,F,73,1438668.0
2055,F,73,1446982.0
2056,F,73,1452436.0
2057,F,73,1457621.0
2058,F,73,1456786.0
2059,F,73,1448942.0
2060,F,73,1436292.0
2061,F,73,1419147.0
2062,F,73,1402790.0
2063,F,73,1392977.0
2064,F,73,1392863.0
2065,F,73,1399709.0
2066,F,73,1407134.0
2067,F,73,1411644.0
2068,F,73,1415138.0
2069,F,73,1416480.0
2070,F,73,1415500.0
2000,F,74,283029.0
2001,F,74,291899.0
2002,F,74,299545.0
2003,F,74,306269.0
2004,F,74,312590.0
2005,F,74,319271.0
2006,F,74,326878.0
2007,F,74,335918.0
2008,F,74,346565.0
2009,F,74,358435.0
2010,F,74,371822.0
2011,F,74,385466.0
2012,F,74,397549.0
2013,F,74,407205.0
2014,F,74,415579.0
2015,F,74,423567.0
2016,F,74,433725.0
2017,F,74,448026.0
2018,F,74,467928.0
2019,F,74,492105.0
2020,F,74,517159.0
2021,F,74,540284.0
2022,F,74,564002.0
2023,F,74,589600.0
2024,F,74,617991.0
2025,F,74,645770.0
2026,F,74,673101.0
2027,F,74,700007.0
2028,F,74,728810.0
2029,F,74,759631.0
2030,F,74,789623.0
2031,F,74,818704.0
2032,F,74,847168.0
2033,F,74,877099.0
2034,F,74,908001.0
2035,F,74,938122.0
2036,F,74,965953.0
2037,F,74,988916.0
2038,F,74,1014325.0
2039,F,74,1035944.0
2040,F,74,1051150.0
2041,F,74,1061744.0
2042,F,74,1070888.0
2043,F,74,1082182.0
2044,F,74,1096093.0
2045,F,74,1112849.0
2046,F,74,1132254.0
2047,F,74,1149911.0
2048,F,74,1168901.0
2049,F,74,1196463.0
2050,F,74,1234396.0
2051,F,74,1278861.0
2052,F,74,1325502.0
2053,F,74,1367729.0
2054,F,74,1400813.0
2055,F,74,1420215.0
2056,F,74,1428621.0
2057,F,74,1434202.0
2058,F,74,1439512.0
2059,F,74,1438869.0
2060,F,74,1431304.0
2061,F,74,1418977.0
2062,F,74,1402206.0
2063,F,74,1386204.0
2064,F,74,1376664.0
2065,F,74,1376700.0
2066,F,74,1383618.0
2067,F,74,1391103.0
2068,F,74,1395702.0
2069,F,74,1399299.0
2070,F,74,1400763.0
2000,F,75,259342.0
2001,F,75,273662.0
2002,F,75,282317.0
2003,F,75,289764.0
2004,F,75,296397.0
2005,F,75,302714.0
2006,F,75,309397.0
2007,F,75,316959.0
2008,F,75,325883.0
2009,F,75,336399.0
2010,F,75,348037.0
2011,F,75,361149.0
2012,F,75,374636.0
2013,F,75,386595.0
2014,F,75,396076.0
2015,F,75,404209.0
2016,F,75,411965.0
2017,F,75,421931.0
2018,F,75,436041.0
2019,F,75,455684.0
2020,F,75,478803.0
2021,F,75,501658.0
2022,F,75,524188.0
2023,F,75,549046.0
2024,F,75,574109.0
2025,F,75,601970.0
2026,F,75,629255.0
2027,F,75,656118.0
2028,F,75,682581.0
2029,F,75,710904.0
2030,F,75,741208.0
2031,F,75,770721.0
2032,F,75,799359.0
2033,F,75,827407.0
2034,F,75,856900.0
2035,F,75,887353.0
2036,F,75,917056.0
2037,F,75,944529.0
2038,F,75,967248.0
2039,F,75,992364.0
2040,F,75,1013780.0
2041,F,75,1028922.0
2042,F,75,1039548.0
2043,F,75,1048756.0
2044,F,75,1060072.0
2045,F,75,1073945.0
2046,F,75,1090611.0
2047,F,75,1109874.0
2048,F,75,1127426.0
2049,F,75,1146283.0
2050,F,75,1173555.0
2051,F,75,1211009.0
2052,F,75,1254879.0
2053,F,75,1300895.0
2054,F,75,1342592.0
2055,F,75,1375321.0
2056,F,75,1394618.0
2057,F,75,1403116.0
2058,F,75,1408839.0
2059,F,75,1414291.0
2060,F,75,1413887.0
2061,F,75,1406674.0
2062,F,75,1394776.0
2063,F,75,1378496.0
2064,F,75,1362959.0
2065,F,75,1353774.0
2066,F,75,1353993.0
2067,F,75,1360983.0
2068,F,75,1368529.0
2069,F,75,1373229.0
2070,F,75,1376943.0
2000,F,76,239832.0
2001,F,76,253987.0
2002,F,76,263551.0
2003,F,76,271902.0
2004,F,76,279196.0
2005,F,76,285792.0
2006,F,76,292136.0
2007,F,76,298828.0
2008,F,76,306321.0
2009,F,76,315145.0
2010,F,76,325466.0
2011,F,76,336836.0
2012,F,76,349726.0
2013,F,76,362999.0
2014,F,76,374708.0
2015,F,76,383907.0
2016,F,76,391822.0
2017,F,76,399436.0
2018,F,76,409283.0
2019,F,76,423209.0
2020,F,76,441829.0
2021,F,76,462755.0
2022,F,76,484948.0
2023,F,76,508543.0
2024,F,76,530573.0
2025,F,76,555046.0
2026,F,76,582242.0
2027,F,76,608898.0
2028,F,76,635162.0
2029,F,76,661052.0
2030,F,76,688761.0
2031,F,76,718410.0
2032,F,76,747306.0
2033,F,76,775376.0
2034,F,76,802883.0
2035,F,76,831801.0
2036,F,76,861678.0
2037,F,76,890831.0
2038,F,76,917831.0
2039,F,76,940220.0
2040,F,76,964945.0
2041,F,76,986081.0
2042,F,76,1001122.0
2043,F,76,1011768.0
2044,F,76,1021028.0
2045,F,76,1032342.0
2046,F,76,1046146.0
2047,F,76,1062669.0
2048,F,76,1081731.0
2049,F,76,1099126.0
2050,F,76,1117792.0
2051,F,76,1144676.0
2052,F,76,1181498.0
2053,F,76,1224591.0
2054,F,76,1269795.0
2055,F,76,1310796.0
2056,F,76,1343044.0
2057,F,76,1362186.0
2058,F,76,1370776.0
2059,F,76,1376650.0
2060,F,76,1382253.0
2061,F,76,1382131.0
2062,F,76,1375340.0
2063,F,76,1363962.0
2064,F,76,1348284.0
2065,F,76,1333320.0
2066,F,76,1324565.0
2067,F,76,1325002.0
2068,F,76,1332062.0
2069,F,76,1339661.0
2070,F,76,1344475.0
2000,F,77,220773.0
2001,F,77,233155.0
2002,F,77,243458.0
2003,F,77,252645.0
2004,F,77,260780.0
2005,F,77,268003.0
2006,F,77,274605.0
2007,F,77,280973.0
2008,F,77,287623.0
2009,F,77,295027.0
2010,F,77,303690.0
2011,F,77,313752.0
2012,F,77,324846.0
2013,F,77,337460.0
2014,F,77,350431.0
2015,F,77,361822.0
2016,F,77,370799.0
2017,F,77,378593.0
2018,F,77,386136.0
2019,F,77,395831.0
2020,F,77,408756.0
2021,F,77,425206.0
2022,F,77,445433.0
2023,F,77,468651.0
2024,F,77,491431.0
2025,F,77,512956.0
2026,F,77,536853.0
2027,F,77,563409.0
2028,F,77,589450.0
2029,F,77,615131.0
2030,F,77,640466.0
2031,F,77,667574.0
2032,F,77,696589.0
2033,F,77,724886.0
2034,F,77,752393.0
2035,F,77,779370.0
2036,F,77,807729.0
2037,F,77,837036.0
2038,F,77,865650.0
2039,F,77,892183.0
2040,F,77,914244.0
2041,F,77,938582.0
2042,F,77,959441.0
2043,F,77,974369.0
2044,F,77,985022.0
2045,F,77,994324.0
2046,F,77,1005623.0
2047,F,77,1019348.0
2048,F,77,1035727.0
2049,F,77,1054579.0
2050,F,77,1071809.0
2051,F,77,1090286.0
2052,F,77,1116783.0
2053,F,77,1152980.0
2054,F,77,1195313.0
2055,F,77,1239720.0
2056,F,77,1280035.0
2057,F,77,1311810.0
2058,F,77,1330787.0
2059,F,77,1339455.0
2060,F,77,1345466.0
2061,F,77,1351207.0
2062,F,77,1351347.0
2063,F,77,1344955.0
2064,F,77,1334069.0
2065,F,77,1318969.0
2066,F,77,1304554.0
2067,F,77,1296206.0
2068,F,77,1296849.0
2069,F,77,1303968.0
2070,F,77,1311610.0
2000,F,78,202467.0
2001,F,78,211586.0
2002,F,78,222382.0
2003,F,78,232269.0
2004,F,78,241193.0
2005,F,78,249205.0
2006,F,78,256354.0
2007,F,78,262918.0
2008,F,78,269212.0
2009,F,78,275760.0
2010,F,78,283018.0
2011,F,78,291444.0
2012,F,78,301228.0
2013,F,78,312031.0
2014,F,78,324328.0
2015,F,78,336949.0
2016,F,78,348087.0
2017,F,78,356922.0
2018,F,78,364627.0
2019,F,78,372005.0
2020,F,78,380695.0
2021,F,78,391474.0
2022,F,78,407243.0
2023,F,78,428525.0
2024,F,78,452883.0
2025,F,78,475115.0
2026,F,78,496148.0
2027,F,78,519488.0
2028,F,78,545418.0
2029,F,78,570861.0
2030,F,78,595972.0
2031,F,78,620768.0
2032,F,78,647298.0
2033,F,78,675692.0
2034,F,78,703400.0
2035,F,78,730359.0
2036,F,78,756815.0
2037,F,78,784629.0
2038,F,78,813374.0
2039,F,78,841459.0
2040,F,78,867535.0
2041,F,78,889268.0
2042,F,78,913229.0
2043,F,78,933804.0
2044,F,78,948611.0
2045,F,78,959259.0
2046,F,78,968590.0
2047,F,78,979863.0
2048,F,78,993504.0
2049,F,78,1009729.0
2050,F,78,1028372.0
2051,F,78,1045435.0
2052,F,78,1063717.0
2053,F,78,1089825.0
2054,F,78,1125411.0
2055,F,78,1167001.0
2056,F,78,1210623.0
2057,F,78,1250265.0
2058,F,78,1281572.0
2059,F,78,1300378.0
2060,F,78,1309113.0
2061,F,78,1315245.0
2062,F,78,1321111.0
2063,F,78,1321493.0
2064,F,78,1315480.0
2065,F,78,1305064.0
2066,F,78,1290513.0
2067,F,78,1276626.0
2068,F,78,1268666.0
2069,F,78,1269500.0
2070,F,78,1276667.0
2000,F,79,184887.0
2001,F,79,189692.0
2002,F,79,200738.0
2003,F,79,211132.0
2004,F,79,220725.0
2005,F,79,229465.0
2006,F,79,237276.0
2007,F,79,244254.0
2008,F,79,250649.0
2009,F,79,256790.0
2010,F,79,263189.0
2011,F,79,270235.0
2012,F,79,278412.0
2013,F,79,287945.0
2014,F,79,298443.0
2015,F,79,310389.0
2016,F,79,322715.0
2017,F,79,333638.0
2018,F,79,342302.0
2019,F,79,349778.0
2020,F,79,356114.0
2021,F,79,362681.0
2022,F,79,372837.0
2023,F,79,389753.0
2024,F,79,414103.0
2025,F,79,437843.0
2026,F,79,459545.0
2027,F,79,480099.0
2028,F,79,502898.0
2029,F,79,528222.0
2030,F,79,553087.0
2031,F,79,577646.0
2032,F,79,601915.0
2033,F,79,627879.0
2034,F,79,655665.0
2035,F,79,682802.0
2036,F,79,709226.0
2037,F,79,735172.0
2038,F,79,762449.0
2039,F,79,790646.0
2040,F,79,818212.0
2041,F,79,843836.0
2042,F,79,865243.0
2043,F,79,888826.0
2044,F,79,909119.0
2045,F,79,923802.0
2046,F,79,934434.0
2047,F,79,943780.0
2048,F,79,955021.0
2049,F,79,968572.0
2050,F,79,984639.0
2051,F,79,1003068.0
2052,F,79,1019958.0
2053,F,79,1038042.0
2054,F,79,1063766.0
2055,F,79,1098751.0
2056,F,79,1139612.0
2057,F,79,1182465.0
2058,F,79,1221446.0
2059,F,79,1252290.0
2060,F,79,1270925.0
2061,F,79,1279710.0
2062,F,79,1285950.0
2063,F,79,1291926.0
2064,F,79,1292534.0
2065,F,79,1286881.0
2066,F,79,1276911.0
2067,F,79,1262889.0
2068,F,79,1249502.0
2069,F,79,1241910.0
2070,F,79,1242924.0
2000,F,80,167892.0
2001,F,80,174658.0
2002,F,80,182147.0
2003,F,80,189939.0
2004,F,80,197818.0
2005,F,80,205593.0
2006,F,80,217402.0
2007,F,80,224867.0
2008,F,80,231555.0
2009,F,80,237720.0
2010,F,80,243717.0
2011,F,80,249927.0
2012,F,80,256761.0
2013,F,80,264743.0
2014,F,80,274022.0
2015,F,80,284153.0
2016,F,80,295758.0
2017,F,80,307798.0
2018,F,80,318440.0
2019,F,80,326764.0
2020,F,80,333141.0
2021,F,80,337376.0
2022,F,80,343398.0
2023,F,80,354825.0
2024,F,80,371825.0
2025,F,80,395283.0
2026,F,80,418178.0
2027,F,80,439146.0
2028,F,80,459032.0
2029,F,80,481078.0
2030,F,80,505557.0
2031,F,80,529619.0
2032,F,80,553405.0
2033,F,80,576931.0
2034,F,80,602100.0
2035,F,80,629033.0
2036,F,80,655357.0
2037,F,80,681011.0
2038,F,80,706228.0
2039,F,80,732737.0
2040,F,80,760138.0
2041,F,80,786954.0
2042,F,80,811916.0
2043,F,80,832828.0
2044,F,80,855842.0
2045,F,80,875701.0
2046,F,80,890151.0
2047,F,80,900705.0
2048,F,80,910016.0
2049,F,80,921157.0
2050,F,80,934524.0
2051,F,80,950321.0
2052,F,80,968400.0
2053,F,80,984999.0
2054,F,80,1002754.0
2055,F,80,1027893.0
2056,F,80,1061995.0
2057,F,80,1101787.0
2058,F,80,1143519.0
2059,F,80,1181521.0
2060,F,80,1211661.0
2061,F,80,1229993.0
2062,F,80,1238794.0
2063,F,80,1245124.0
2064,F,80,1251191.0
2065,F,80,1252056.0
2066,F,80,1246847.0
2067,F,80,1237448.0
2068,F,80,1224110.0
2069,F,80,1211376.0
2070,F,80,1204250.0
2000,F,81,151396.0
2001,F,81,156062.0
2002,F,81,162070.0
2003,F,81,169020.0
2004,F,81,176620.0
2005,F,81,184574.0
2006,F,81,196898.0
2007,F,81,204790.0
2008,F,81,211841.0
2009,F,81,218220.0
2010,F,81,224215.0
2011,F,81,230048.0
2012,F,81,236072.0
2013,F,81,242766.0
2014,F,81,250531.0
2015,F,81,259453.0
2016,F,81,269200.0
2017,F,81,280438.0
2018,F,81,292094.0
2019,F,81,302298.0
2020,F,81,309458.0
2021,F,81,313748.0
2022,F,81,317497.0
2023,F,81,324908.0
2024,F,81,333932.0
2025,F,81,350177.0
2026,F,81,372526.0
2027,F,81,394366.0
2028,F,81,414411.0
2029,F,81,433454.0
2030,F,81,454546.0
2031,F,81,477964.0
2032,F,81,501010.0
2033,F,81,523818.0
2034,F,81,546399.0
2035,F,81,570554.0
2036,F,81,596400.0
2037,F,81,621690.0
2038,F,81,646360.0
2039,F,81,670634.0
2040,F,81,696150.0
2041,F,81,722536.0
2042,F,81,748380.0
2043,F,81,772474.0
2044,F,81,792729.0
2045,F,81,814991.0
2046,F,81,834262.0
2047,F,81,848380.0
2048,F,81,858792.0
2049,F,81,868014.0
2050,F,81,878983.0
2051,F,81,892075.0
2052,F,81,907490.0
2053,F,81,925091.0
2054,F,81,941279.0
2055,F,81,958576.0
2056,F,81,982939.0
2057,F,81,1015886.0
2058,F,81,1054292.0
2059,F,81,1094571.0
2060,F,81,1131293.0
2061,F,81,1160500.0
2062,F,81,1178402.0
2063,F,81,1187171.0
2064,F,81,1193565.0
2065,F,81,1199706.0
2066,F,81,1200850.0
2067,F,81,1196159.0
2068,F,81,1187441.0
2069,F,81,1174927.0
2070,F,81,1162978.0
2000,F,82,135379.0
2001,F,82,138591.0
2002,F,82,143552.0
2003,F,82,149835.0
2004,F,82,157097.0
2005,F,82,164979.0
2006,F,82,175920.0
2007,F,82,184190.0
2008,F,82,191575.0
2009,F,82,198248.0
2010,F,82,204427.0
2011,F,82,210241.0
2012,F,82,215894.0
2013,F,82,221800.0
2014,F,82,228296.0
2015,F,82,235701.0
2016,F,82,244208.0
2017,F,82,253546.0
2018,F,82,264315.0
2019,F,82,275454.0
2020,F,82,284456.0
2021,F,82,289536.0
2022,F,82,293379.0
2023,F,82,298577.0
2024,F,82,305775.0
2025,F,82,314487.0
2026,F,82,330014.0
2027,F,82,351314.0
2028,F,82,372153.0
2029,F,82,391319.0
2030,F,82,409555.0
2031,F,82,429746.0
2032,F,82,452152.0
2033,F,82,474229.0
2034,F,82,496099.0
2035,F,82,517773.0
2036,F,82,540958.0
2037,F,82,565764.0
2038,F,82,590058.0
2039,F,82,613786.0
2040,F,82,637149.0
2041,F,82,661710.0
2042,F,82,687119.0
2043,F,82,712023.0
2044,F,82,735279.0
2045,F,82,754892.0
2046,F,82,776427.0
2047,F,82,795118.0
2048,F,82,808903.0
2049,F,82,819158.0
2050,F,82,828275.0
2051,F,82,839058.0
2052,F,82,851872.0
2053,F,82,866907.0
2054,F,82,884034.0
2055,F,82,899810.0
2056,F,82,916656.0
2057,F,82,940261.0
2058,F,82,972093.0
2059,F,82,1009158.0
2060,F,82,1048041.0
2061,F,82,1083525.0
2062,F,82,1111823.0
2063,F,82,1129296.0
2064,F,82,1138015.0
2065,F,82,1144454.0
2066,F,82,1150642.0
2067,F,82,1152038.0
2068,F,82,1147822.0
2069,F,82,1139735.0
2070,F,82,1127989.0
2000,F,83,119945.0
2001,F,83,122448.0
2002,F,83,126819.0
2003,F,83,132629.0
2004,F,83,139481.0
2005,F,83,146994.0
2006,F,83,154657.0
2007,F,83,163228.0
2008,F,83,170935.0
2009,F,83,177892.0
2010,F,83,184328.0
2011,F,83,190302.0
2012,F,83,195893.0
2013,F,83,201409.0
2014,F,83,207110.0
2015,F,83,213239.0
2016,F,83,220213.0
2017,F,83,228293.0
2018,F,83,237135.0
2019,F,83,247342.0
2020,F,83,257255.0
2021,F,83,264186.0
2022,F,83,268807.0
2023,F,83,274115.0
2024,F,83,280995.0
2025,F,83,287971.0
2026,F,83,296381.0
2027,F,83,311224.0
2028,F,83,331527.0
2029,F,83,351415.0
2030,F,83,369745.0
2031,F,83,387209.0
2032,F,83,406544.0
2033,F,83,427989.0
2034,F,83,449140.0
2035,F,83,470113.0
2036,F,83,490918.0
2037,F,83,513173.0
2038,F,83,536980.0
2039,F,83,560323.0
2040,F,83,583142.0
2041,F,83,605632.0
2042,F,83,629275.0
2043,F,83,653739.0
2044,F,83,677740.0
2045,F,83,700184.0
2046,F,83,719172.0
2047,F,83,739997.0
2048,F,83,758122.0
2049,F,83,771572.0
2050,F,83,781655.0
2051,F,83,790657.0
2052,F,83,801246.0
2053,F,83,813777.0
2054,F,83,828433.0
2055,F,83,845091.0
2056,F,83,860459.0
2057,F,83,876856.0
2058,F,83,899725.0
2059,F,83,930479.0
2060,F,83,966256.0
2061,F,83,1003789.0
2062,F,83,1038080.0
2063,F,83,1065491.0
2064,F,83,1082535.0
2065,F,83,1091190.0
2066,F,83,1097652.0
2067,F,83,1103872.0
2068,F,83,1105489.0
2069,F,83,1101709.0
2070,F,83,1094208.0
2000,F,84,105296.0
2001,F,84,107668.0
2002,F,84,111772.0
2003,F,84,117184.0
2004,F,84,123509.0
2005,F,84,130376.0
2006,F,84,133289.0
2007,F,84,142115.0
2008,F,84,150114.0
2009,F,84,157355.0
2010,F,84,164039.0
2011,F,84,170211.0
2012,F,84,175894.0
2013,F,84,181286.0
2014,F,84,186556.0
2015,F,84,191871.0
2016,F,84,197574.0
2017,F,84,204134.0
2018,F,84,211737.0
2019,F,84,220010.0
2020,F,84,228990.0
2021,F,84,236831.0
2022,F,84,243260.0
2023,F,84,249292.0
2024,F,84,257978.0
2025,F,84,264638.0
2026,F,84,271394.0
2027,F,84,279506.0
2028,F,84,293697.0
2029,F,84,313056.0
2030,F,84,332043.0
2031,F,84,349576.0
2032,F,84,366307.0
2033,F,84,384824.0
2034,F,84,405351.0
2035,F,84,425617.0
2036,F,84,445733.0
2037,F,84,465705.0
2038,F,84,487070.0
2039,F,84,509921.0
2040,F,84,532353.0
2041,F,84,554298.0
2042,F,84,575949.0
2043,F,84,598708.0
2044,F,84,622264.0
2045,F,84,645393.0
2046,F,84,667052.0
2047,F,84,685430.0
2048,F,84,705564.0
2049,F,84,723138.0
2050,F,84,736252.0
2051,F,84,746156.0
2052,F,84,755030.0
2053,F,84,765419.0
2054,F,84,777663.0
2055,F,84,791940.0
2056,F,84,808135.0
2057,F,84,823101.0
2058,F,84,839056.0
2059,F,84,861207.0
2060,F,84,890922.0
2061,F,84,925456.0
2062,F,84,961686.0
2063,F,84,994821.0
2064,F,84,1021378.0
2065,F,84,1037995.0
2066,F,84,1046570.0
2067,F,84,1053036.0
2068,F,84,1059270.0
2069,F,84,1061080.0
2070,F,84,1057703.0
2000,F,85,91649.0
2001,F,85,94228.0
2002,F,85,98186.0
2003,F,85,103144.0
2004,F,85,108761.0
2005,F,85,114745.0
2006,F,85,121287.0
2007,F,85,127390.0
2008,F,85,133047.0
2009,F,85,138409.0
2010,F,85,143759.0
2011,F,85,150100.0
2012,F,85,155878.0
2013,F,85,161274.0
2014,F,85,166357.0
2015,F,85,171217.0
2016,F,85,176113.0
2017,F,85,181443.0
2018,F,85,187572.0
2019,F,85,194635.0
2020,F,85,201702.0
2021,F,85,208620.0
2022,F,85,215870.0
2023,F,85,223604.0
2024,F,85,229282.0
2025,F,85,237499.0
2026,F,85,243862.0
2027,F,85,250317.0
2028,F,85,258033.0
2029,F,85,271376.0
2030,F,85,289510.0
2031,F,85,307330.0
2032,F,85,323829.0
2033,F,85,339598.0
2034,F,85,357045.0
2035,F,85,376376.0
2036,F,85,395485.0
2037,F,85,414476.0
2038,F,85,433358.0
2039,F,85,453554.0
2040,F,85,475154.0
2041,F,85,496385.0
2042,F,85,517184.0
2043,F,85,537723.0
2044,F,85,559316.0
2045,F,85,581668.0
2046,F,85,603640.0
2047,F,85,624254.0
2048,F,85,641813.0
2049,F,85,661023.0
2050,F,85,677845.0
2051,F,85,690498.0
2052,F,85,700144.0
2053,F,85,708821.0
2054,F,85,718922.0
2055,F,85,730766.0
2056,F,85,744526.0
2057,F,85,760096.0
2058,F,85,774510.0
2059,F,85,789863.0
2060,F,85,811055.0
2061,F,85,839385.0
2062,F,85,872275.0
2063,F,85,906779.0
2064,F,85,938381.0
2065,F,85,963792.0
2066,F,85,979828.0
2067,F,85,988270.0
2068,F,85,994717.0
2069,F,85,1000946.0
2070,F,85,1002982.0
2000,F,86,79256.0
2001,F,86,82072.0
2002,F,86,85753.0
2003,F,86,90040.0
2004,F,86,94716.0
2005,F,86,99619.0
2006,F,86,104248.0
2007,F,86,108967.0
2008,F,86,113696.0
2009,F,86,118557.0
2010,F,86,123738.0
2011,F,86,130192.0
2012,F,86,136012.0
2013,F,86,141388.0
2014,F,86,146404.0
2015,F,86,151056.0
2016,F,86,155507.0
2017,F,86,160092.0
2018,F,86,165061.0
2019,F,86,170689.0
2020,F,86,176581.0
2021,F,86,181597.0
2022,F,86,187810.0
2023,F,86,196216.0
2024,F,86,200510.0
2025,F,86,205867.0
2026,F,86,213514.0
2027,F,86,219502.0
2028,F,86,225582.0
2029,F,86,232813.0
2030,F,86,245135.0
2031,F,86,261809.0
2032,F,86,278228.0
2033,F,86,293483.0
2034,F,86,308095.0
2035,F,86,324247.0
2036,F,86,342141.0
2037,F,86,359852.0
2038,F,86,377484.0
2039,F,86,395044.0
2040,F,86,413827.0
2041,F,86,433921.0
2042,F,86,453693.0
2043,F,86,473097.0
2044,F,86,492282.0
2045,F,86,512456.0
2046,F,86,533343.0
2047,F,86,553902.0
2048,F,86,573234.0
2049,F,86,589778.0
2050,F,86,607853.0
2051,F,86,623747.0
2052,F,86,635813.0
2053,F,86,645117.0
2054,F,86,653528.0
2055,F,86,663253.0
2056,F,86,674588.0
2057,F,86,687700.0
2058,F,86,702485.0
2059,F,86,716212.0
2060,F,86,730813.0
2061,F,86,750819.0
2062,F,86,777459.0
2063,F,86,808338.0
2064,F,86,840739.0
2065,F,86,870463.0
2066,F,86,894467.0
2067,F,86,909773.0
2068,F,86,918027.0
2069,F,86,924423.0
2070,F,86,930613.0
2000,F,87,68370.0
2001,F,87,71144.0
2002,F,87,74160.0
2003,F,87,77384.0
2004,F,87,80818.0
2005,F,87,84495.0
2006,F,87,87118.0
2007,F,87,90602.0
2008,F,87,94653.0
2009,F,87,99193.0
2010,F,87,104201.0
2011,F,87,110741.0
2012,F,87,116538.0
2013,F,87,121842.0
2014,F,87,126753.0
2015,F,87,131315.0
2016,F,87,135594.0
2017,F,87,139795.0
2018,F,87,144090.0
2019,F,87,148612.0
2020,F,87,153108.0
2021,F,87,156978.0
2022,F,87,161145.0
2023,F,87,168334.0
2024,F,87,175959.0
2025,F,87,180040.0
2026,F,87,185082.0
2027,F,87,192192.0
2028,F,87,197819.0
2029,F,87,203537.0
2030,F,87,210301.0
2031,F,87,221683.0
2032,F,87,237020.0
2033,F,87,252157.0
2034,F,87,266260.0
2035,F,87,279800.0
2036,F,87,294758.0
2037,F,87,311323.0
2038,F,87,327748.0
2039,F,87,344116.0
2040,F,87,360444.0
2041,F,87,377914.0
2042,F,87,396605.0
2043,F,87,415023.0
2044,F,87,433126.0
2045,F,87,451045.0
2046,F,87,469888.0
2047,F,87,489403.0
2048,F,87,508637.0
2049,F,87,526765.0
2050,F,87,542349.0
2051,F,87,559349.0
2052,F,87,574353.0
2053,F,87,585847.0
2054,F,87,594797.0
2055,F,87,602928.0
2056,F,87,612270.0
2057,F,87,623105.0
2058,F,87,635585.0
2059,F,87,649610.0
2060,F,87,662670.0
2061,F,87,676541.0
2062,F,87,695431.0
2063,F,87,720473.0
2064,F,87,749469.0
2065,F,87,779890.0
2066,F,87,807851.0
2067,F,87,830515.0
2068,F,87,845113.0
2069,F,87,853156.0
2070,F,87,859471.0
2000,F,88,59239.0
2001,F,88,61393.0
2002,F,88,63110.0
2003,F,88,64715.0
2004,F,88,66550.0
2005,F,88,68911.0
2006,F,88,69614.0
2007,F,88,72232.0
2008,F,88,76062.0
2009,F,88,80579.0
2010,F,88,85396.0
2011,F,88,91990.0
2012,F,88,97737.0
2013,F,88,102901.0
2014,F,88,107667.0
2015,F,88,112100.0
2016,F,88,116314.0
2017,F,88,120405.0
2018,F,88,124394.0
2019,F,88,128283.0
2020,F,88,131713.0
2021,F,88,134221.0
2022,F,88,137089.0
2023,F,88,142027.0
2024,F,88,150965.0
2025,F,88,158005.0
2026,F,88,161867.0
2027,F,88,166605.0
2028,F,88,173211.0
2029,F,88,178493.0
2030,F,88,183862.0
2031,F,88,190185.0
2032,F,88,200701.0
2033,F,88,214816.0
2034,F,88,228768.0
2035,F,88,241812.0
2036,F,88,254359.0
2037,F,88,268214.0
2038,F,88,283554.0
2039,F,88,298782.0
2040,F,88,313984.0
2041,F,88,329169.0
2042,F,88,345417.0
2043,F,88,362804.0
2044,F,88,379961.0
2045,F,88,396851.0
2046,F,88,413585.0
2047,F,88,431185.0
2048,F,88,449421.0
2049,F,88,467413.0
2050,F,88,484409.0
2051,F,88,499081.0
2052,F,88,515062.0
2053,F,88,529222.0
2054,F,88,540157.0
2055,F,88,548749.0
2056,F,88,556589.0
2057,F,88,565547.0
2058,F,88,575887.0
2059,F,88,587752.0
2060,F,88,601054.0
2061,F,88,613465.0
2062,F,88,626633.0
2063,F,88,644461.0
2064,F,88,668003.0
2065,F,88,695228.0
2066,F,88,723796.0
2067,F,88,750098.0
2068,F,88,771492.0
2069,F,88,785401.0
2070,F,88,793218.0
2000,F,89,52109.0
2001,F,89,52754.0
2002,F,89,52298.0
2003,F,89,51569.0
2004,F,89,51396.0
2005,F,89,52379.0
2006,F,89,51455.0
2007,F,89,53804.0
2008,F,89,58075.0
2009,F,89,62979.0
2010,F,89,67548.0
2011,F,89,74181.0
2012,F,89,79856.0
2013,F,89,84876.0
2014,F,89,89441.0
2015,F,89,93721.0
2016,F,89,97830.0
2017,F,89,101906.0
2018,F,89,105831.0
2019,F,89,109439.0
2020,F,89,112277.0
2021,F,89,113778.0
2022,F,89,115109.0
2023,F,89,118530.0
2024,F,89,127380.0
2025,F,89,135568.0
2026,F,89,142065.0
2027,F,89,145714.0
2028,F,89,150153.0
2029,F,89,156293.0
2030,F,89,161241.0
2031,F,89,166277.0
2032,F,89,172183.0
2033,F,89,181897.0
2034,F,89,194892.0
2035,F,89,207762.0
2036,F,89,219828.0
2037,F,89,231456.0
2038,F,89,244292.0
2039,F,89,258501.0
2040,F,89,272623.0
2041,F,89,286742.0
2042,F,89,300868.0
2043,F,89,315980.0
2044,F,89,332158.0
2045,F,89,348138.0
2046,F,89,363896.0
2047,F,89,379525.0
2048,F,89,395968.0
2049,F,89,413003.0
2050,F,89,429837.0
2051,F,89,445768.0
2052,F,89,459575.0
2053,F,89,474596.0
2054,F,89,487952.0
2055,F,89,498345.0
2056,F,89,506578.0
2057,F,89,514117.0
2058,F,89,522696.0
2059,F,89,532553.0
2060,F,89,543821.0
2061,F,89,556429.0
2062,F,89,568216.0
2063,F,89,580709.0
2064,F,89,597530.0
2065,F,89,619661.0
2066,F,89,645222.0
2067,F,89,672053.0
2068,F,89,696792.0
2069,F,89,716985.0
2070,F,89,730227.0
2000,F,90,186577.0
2001,F,90,195979.0
2002,F,90,204805.0
2003,F,90,213202.0
2004,F,90,221666.0
2005,F,90,230551.0
2006,F,90,239948.0
2007,F,90,250546.0
2008,F,90,262598.0
2009,F,90,276099.0
2010,F,90,290096.0
2011,F,90,297491.0
2012,F,90,309766.0
2013,F,90,325051.0
2014,F,90,341777.0
2015,F,90,358873.0
2016,F,90,376086.0
2017,F,90,393946.0
2018,F,90,412566.0
2019,F,90,431231.0
2020,F,90,446968.0
2021,F,90,456086.0
2022,F,90,462542.0
2023,F,90,474849.0
2024,F,90,495282.0
2025,F,90,520646.0
2026,F,90,549480.0
2027,F,90,579731.0
2028,F,90,608709.0
2029,F,90,637331.0
2030,F,90,667151.0
2031,F,90,696937.0
2032,F,90,726789.0
2033,F,90,757472.0
2034,F,90,792195.0
2035,F,90,833192.0
2036,F,90,879371.0
2037,F,90,929238.0
2038,F,90,981866.0
2039,F,90,1037921.0
2040,F,90,1098105.0
2041,F,90,1161741.0
2042,F,90,1228333.0
2043,F,90,1297489.0
2044,F,90,1369740.0
2045,F,90,1445605.0
2046,F,90,1524418.0
2047,F,90,1605585.0
2048,F,90,1688707.0
2049,F,90,1774287.0
2050,F,90,1862555.0
2051,F,90,1953011.0
2052,F,90,2044606.0
2053,F,90,2135358.0
2054,F,90,2226536.0
2055,F,90,2316667.0
2056,F,90,2403342.0
2057,F,90,2485228.0
2058,F,90,2562473.0
2059,F,90,2636740.0
2060,F,90,2709640.0
2061,F,90,2782669.0
2062,F,90,2857031.0
2063,F,90,2931828.0
2064,F,90,3007655.0
2065,F,90,3088241.0
2066,F,90,3177626.0
2067,F,90,3277581.0
2068,F,90,3387701.0
2069,F,90,3504657.0
2070,F,90,3623427.0
